<?xml version='1.0' encoding='UTF-8' standalone='no'?>
<doxygen xmlns:xsi="http://www.w3.org/2001/XMLSchema-instance" xsi:noNamespaceSchemaLocation="compound.xsd" version="1.8.16">
  <compounddef id="_r_e_a_d_m_e_8md" kind="file" language="Markdown">
    <compoundname>README.md</compoundname>
    <briefdescription>
    </briefdescription>
    <detaileddescription>
    </detaileddescription>
    <programlisting>
<codeline><highlight class="normal">#<sp/>HelpLine_plus</highlight></codeline>
<codeline><highlight class="normal">&lt;p1&gt;<sp/>A<sp/>simple<sp/>website<sp/>with<sp/>raw<sp/>php<sp/>&lt;/p1&gt;</highlight></codeline>
    </programlisting>
    <location file="README.md"/>
  </compounddef>
</doxygen>
