<?xml version='1.0' encoding='UTF-8' standalone='no'?>
<doxygen xmlns:xsi="http://www.w3.org/2001/XMLSchema-instance" xsi:noNamespaceSchemaLocation="compound.xsd" version="1.8.16">
  <compounddef id="dashboard_8php" kind="file" language="PHP">
    <compoundname>dashboard.php</compoundname>
      <sectiondef kind="var">
      <memberdef kind="variable" id="dashboard_8php_1acf5d6dd3ee125abb9a2523b30bc47d02" prot="public" static="no" mutable="no">
        <type></type>
        <definition>$flag</definition>
        <argsstring></argsstring>
        <name>$flag</name>
        <initializer>= 0</initializer>
        <briefdescription>
        </briefdescription>
        <detaileddescription>
        </detaileddescription>
        <inbodydescription>
        </inbodydescription>
        <location file="dashboard.php" line="4" column="1" bodyfile="dashboard.php" bodystart="4" bodyend="-1"/>
      </memberdef>
      <memberdef kind="variable" id="dashboard_8php_1ae2ee8ca8da7538f5882519b75971e8ee" prot="public" static="no" mutable="no">
        <type>if(isset($_POST[&apos;addPost&apos;]))</type>
        <definition>if (isset( $_POST[ &apos;addPost&apos;])) $allPosts</definition>
        <argsstring></argsstring>
        <name>$allPosts</name>
        <initializer>= $db-&gt;getAllPost()</initializer>
        <briefdescription>
        </briefdescription>
        <detaileddescription>
        </detaileddescription>
        <inbodydescription>
        </inbodydescription>
        <location file="dashboard.php" line="19" column="1" bodyfile="dashboard.php" bodystart="19" bodyend="-1"/>
      </memberdef>
      </sectiondef>
    <briefdescription>
    </briefdescription>
    <detaileddescription>
    </detaileddescription>
    <programlisting>
<codeline lineno="1"><highlight class="normal">&lt;?php</highlight></codeline>
<codeline lineno="2"><highlight class="normal">include<sp/></highlight><highlight class="stringliteral">&apos;session.php&apos;</highlight><highlight class="normal">;</highlight></codeline>
<codeline lineno="3"><highlight class="normal"></highlight></codeline>
<codeline lineno="4"><highlight class="normal">$flag<sp/>=<sp/>0;</highlight></codeline>
<codeline lineno="5"><highlight class="normal"></highlight><highlight class="keywordflow">if</highlight><highlight class="normal">(isset($_POST[</highlight><highlight class="stringliteral">&apos;addPost&apos;</highlight><highlight class="normal">])){</highlight></codeline>
<codeline lineno="6"><highlight class="normal"><sp/><sp/><sp/><sp/></highlight></codeline>
<codeline lineno="7"><highlight class="normal"><sp/><sp/><sp/><sp/></highlight><highlight class="comment">//$postDetails<sp/>=<sp/>$_POST;</highlight><highlight class="normal"></highlight></codeline>
<codeline lineno="8"><highlight class="normal"><sp/><sp/><sp/><sp/>$postDetails[</highlight><highlight class="stringliteral">&apos;category&apos;</highlight><highlight class="normal">]<sp/>=<sp/>htmlspecialchars($_POST[</highlight><highlight class="stringliteral">&apos;category&apos;</highlight><highlight class="normal">]);</highlight></codeline>
<codeline lineno="9"><highlight class="normal"><sp/><sp/><sp/><sp/>$postDetails[</highlight><highlight class="stringliteral">&apos;pdetails&apos;</highlight><highlight class="normal">]<sp/>=<sp/>htmlspecialchars($_POST[</highlight><highlight class="stringliteral">&apos;pdetails&apos;</highlight><highlight class="normal">]);</highlight></codeline>
<codeline lineno="10"><highlight class="normal"><sp/><sp/><sp/><sp/>$postDetails[</highlight><highlight class="stringliteral">&apos;email&apos;</highlight><highlight class="normal">]<sp/>=<sp/>$email;</highlight></codeline>
<codeline lineno="11"><highlight class="normal"><sp/><sp/><sp/><sp/>$res<sp/>=<sp/>$db-&gt;addNewQuickPost($postDetails);</highlight></codeline>
<codeline lineno="12"><highlight class="normal"><sp/><sp/><sp/><sp/></highlight><highlight class="keywordflow">if</highlight><highlight class="normal">($res){</highlight></codeline>
<codeline lineno="13"><highlight class="normal"><sp/><sp/><sp/><sp/><sp/><sp/><sp/><sp/>$flag<sp/>=<sp/>1;</highlight></codeline>
<codeline lineno="14"><highlight class="normal"><sp/><sp/><sp/><sp/>}</highlight><highlight class="keywordflow">else</highlight><highlight class="normal">{</highlight></codeline>
<codeline lineno="15"><highlight class="normal"><sp/><sp/><sp/><sp/><sp/><sp/><sp/><sp/>$flag<sp/>=<sp/>2;</highlight></codeline>
<codeline lineno="16"><highlight class="normal"><sp/><sp/><sp/><sp/>}</highlight></codeline>
<codeline lineno="17"><highlight class="normal">}</highlight></codeline>
<codeline lineno="18"><highlight class="normal"></highlight></codeline>
<codeline lineno="19"><highlight class="normal">$allPosts<sp/>=<sp/>$db-&gt;getAllPost();</highlight></codeline>
<codeline lineno="20"><highlight class="normal"></highlight></codeline>
<codeline lineno="21"><highlight class="normal">include<sp/></highlight><highlight class="stringliteral">&apos;temp/header.php&apos;</highlight><highlight class="normal">;</highlight></codeline>
<codeline lineno="22"><highlight class="normal">include<sp/></highlight><highlight class="stringliteral">&apos;temp/inc_dashboard.php&apos;</highlight><highlight class="normal">;</highlight></codeline>
<codeline lineno="23"><highlight class="normal">include<sp/></highlight><highlight class="stringliteral">&apos;temp/footer.php&apos;</highlight><highlight class="normal">;</highlight></codeline>
<codeline lineno="24"><highlight class="normal">?&gt;</highlight></codeline>
    </programlisting>
    <location file="dashboard.php"/>
  </compounddef>
</doxygen>
