<?xml version='1.0' encoding='UTF-8' standalone='no'?>
<doxygen xmlns:xsi="http://www.w3.org/2001/XMLSchema-instance" xsi:noNamespaceSchemaLocation="compound.xsd" version="1.8.16">
  <compounddef id="dashboard_8php" kind="file" language="PHP">
    <compoundname>dashboard.php</compoundname>
      <sectiondef kind="var">
      <memberdef kind="variable" id="dashboard_8php_1acf5d6dd3ee125abb9a2523b30bc47d02" prot="public" static="no" mutable="no">
        <type></type>
        <definition>$flag</definition>
        <argsstring></argsstring>
        <name>$flag</name>
        <initializer>= 0</initializer>
        <briefdescription>
        </briefdescription>
        <detaileddescription>
        </detaileddescription>
        <inbodydescription>
        </inbodydescription>
        <location file="dashboard.php" line="4" column="1" bodyfile="dashboard.php" bodystart="4" bodyend="-1"/>
      </memberdef>
      <memberdef kind="variable" id="dashboard_8php_1ae2ee8ca8da7538f5882519b75971e8ee" prot="public" static="no" mutable="no">
        <type><ref refid="user_8php_1a9db1af915cde95754eef39d9d58e8f14" kindref="member">if</ref>(isset($_POST[&apos;addPost&apos;]))</type>
        <definition>if (isset( $_POST[ &apos;addPost&apos;])) $allPosts</definition>
        <argsstring></argsstring>
        <name>$allPosts</name>
        <initializer>= $db-&gt;getAllPost()</initializer>
        <briefdescription>
        </briefdescription>
        <detaileddescription>
        </detaileddescription>
        <inbodydescription>
        </inbodydescription>
        <location file="dashboard.php" line="19" column="1" bodyfile="dashboard.php" bodystart="19" bodyend="-1"/>
      </memberdef>
      </sectiondef>
    <briefdescription>
    </briefdescription>
    <detaileddescription>
    </detaileddescription>
    <programlisting>
<codeline lineno="1"><highlight class="normal">&lt;?php</highlight></codeline>
<codeline lineno="2"><highlight class="normal">include<sp/></highlight><highlight class="stringliteral">&apos;session.php&apos;</highlight><highlight class="normal">;</highlight></codeline>
<codeline lineno="3"><highlight class="normal"></highlight></codeline>
<codeline lineno="4" refid="dashboard_8php_1acf5d6dd3ee125abb9a2523b30bc47d02" refkind="member"><highlight class="normal"><ref refid="dashboard_8php_1acf5d6dd3ee125abb9a2523b30bc47d02" kindref="member">$flag</ref><sp/>=<sp/>0;</highlight></codeline>
<codeline lineno="5"><highlight class="normal"></highlight><highlight class="keywordflow">if</highlight><highlight class="normal">(isset($_POST[</highlight><highlight class="stringliteral">&apos;addPost&apos;</highlight><highlight class="normal">])){</highlight></codeline>
<codeline lineno="6"><highlight class="normal"><sp/><sp/><sp/><sp/></highlight></codeline>
<codeline lineno="7"><highlight class="normal"><sp/><sp/><sp/><sp/></highlight><highlight class="comment">//$postDetails<sp/>=<sp/>$_POST;</highlight><highlight class="normal"></highlight></codeline>
<codeline lineno="8"><highlight class="normal"><sp/><sp/><sp/><sp/>$postDetails[</highlight><highlight class="stringliteral">&apos;category&apos;</highlight><highlight class="normal">]<sp/>=<sp/>htmlspecialchars($_POST[</highlight><highlight class="stringliteral">&apos;category&apos;</highlight><highlight class="normal">]);</highlight></codeline>
<codeline lineno="9"><highlight class="normal"><sp/><sp/><sp/><sp/>$postDetails[</highlight><highlight class="stringliteral">&apos;pdetails&apos;</highlight><highlight class="normal">]<sp/>=<sp/>htmlspecialchars($_POST[</highlight><highlight class="stringliteral">&apos;pdetails&apos;</highlight><highlight class="normal">]);</highlight></codeline>
<codeline lineno="10"><highlight class="normal"><sp/><sp/><sp/><sp/>$postDetails[</highlight><highlight class="stringliteral">&apos;email&apos;</highlight><highlight class="normal">]<sp/>=<sp/><ref refid="user_8php_1a32027f7b9fb6904cb5d7040d7b660060" kindref="member">$email</ref>;</highlight></codeline>
<codeline lineno="11"><highlight class="normal"><sp/><sp/><sp/><sp/><ref refid="user_8php_1a49a8a4009b02e49717caa88b128affc5" kindref="member">$res</ref><sp/>=<sp/><ref refid="index_8php_1a1fa3127fc82f96b1436d871ef02be319" kindref="member">$db</ref>-&gt;addNewQuickPost($postDetails);</highlight></codeline>
<codeline lineno="12"><highlight class="normal"><sp/><sp/><sp/><sp/></highlight><highlight class="keywordflow">if</highlight><highlight class="normal">(<ref refid="user_8php_1a49a8a4009b02e49717caa88b128affc5" kindref="member">$res</ref>){</highlight></codeline>
<codeline lineno="13"><highlight class="normal"><sp/><sp/><sp/><sp/><sp/><sp/><sp/><sp/><ref refid="dashboard_8php_1acf5d6dd3ee125abb9a2523b30bc47d02" kindref="member">$flag</ref><sp/>=<sp/>1;</highlight></codeline>
<codeline lineno="14"><highlight class="normal"><sp/><sp/><sp/><sp/>}</highlight><highlight class="keywordflow">else</highlight><highlight class="normal">{</highlight></codeline>
<codeline lineno="15"><highlight class="normal"><sp/><sp/><sp/><sp/><sp/><sp/><sp/><sp/><ref refid="dashboard_8php_1acf5d6dd3ee125abb9a2523b30bc47d02" kindref="member">$flag</ref><sp/>=<sp/>2;</highlight></codeline>
<codeline lineno="16"><highlight class="normal"><sp/><sp/><sp/><sp/>}</highlight></codeline>
<codeline lineno="17"><highlight class="normal">}</highlight></codeline>
<codeline lineno="18"><highlight class="normal"></highlight></codeline>
<codeline lineno="19" refid="dashboard_8php_1ae2ee8ca8da7538f5882519b75971e8ee" refkind="member"><highlight class="normal"><ref refid="dashboard_8php_1ae2ee8ca8da7538f5882519b75971e8ee" kindref="member">$allPosts</ref><sp/>=<sp/><ref refid="index_8php_1a1fa3127fc82f96b1436d871ef02be319" kindref="member">$db</ref>-&gt;getAllPost();</highlight></codeline>
<codeline lineno="20"><highlight class="normal"></highlight></codeline>
<codeline lineno="21"><highlight class="normal">include<sp/></highlight><highlight class="stringliteral">&apos;temp/header.php&apos;</highlight><highlight class="normal">;</highlight></codeline>
<codeline lineno="22"><highlight class="normal">include<sp/></highlight><highlight class="stringliteral">&apos;temp/inc_dashboard.php&apos;</highlight><highlight class="normal">;</highlight></codeline>
<codeline lineno="23"><highlight class="normal">include<sp/></highlight><highlight class="stringliteral">&apos;temp/footer.php&apos;</highlight><highlight class="normal">;</highlight></codeline>
<codeline lineno="24"><highlight class="normal">?&gt;</highlight></codeline>
    </programlisting>
    <location file="dashboard.php"/>
  </compounddef>
</doxygen>
