<?xml version='1.0' encoding='UTF-8' standalone='no'?>
<doxygen xmlns:xsi="http://www.w3.org/2001/XMLSchema-instance" xsi:noNamespaceSchemaLocation="compound.xsd" version="1.8.16">
  <compounddef id="hospital_8php" kind="file" language="PHP">
    <compoundname>hospital.php</compoundname>
      <sectiondef kind="var">
      <memberdef kind="variable" id="hospital_8php_1a16a2258c2a4bc8459d84cee04519d7a7" prot="public" static="no" mutable="no">
        <type><ref refid="user_8php_1a9db1af915cde95754eef39d9d58e8f14" kindref="member">if</ref>(isset($_POST[&apos;search_hos&apos;]))</type>
        <definition>if (isset( $_POST[ &apos;search_hos&apos;])) else</definition>
        <argsstring></argsstring>
        <name>else</name>
        <initializer>{
    $records = $db-&gt;getHospitalDetails()</initializer>
        <briefdescription>
        </briefdescription>
        <detaileddescription>
        </detaileddescription>
        <inbodydescription>
        </inbodydescription>
        <location file="hospital.php" line="7" column="1" bodyfile="hospital.php" bodystart="7" bodyend="-1"/>
      </memberdef>
      </sectiondef>
    <briefdescription>
    </briefdescription>
    <detaileddescription>
    </detaileddescription>
    <programlisting>
<codeline lineno="1"><highlight class="normal">&lt;?php</highlight></codeline>
<codeline lineno="2"><highlight class="normal"></highlight></codeline>
<codeline lineno="3"><highlight class="normal">include<sp/></highlight><highlight class="stringliteral">&apos;session.php&apos;</highlight><highlight class="normal">;</highlight></codeline>
<codeline lineno="4"><highlight class="normal"></highlight></codeline>
<codeline lineno="5"><highlight class="normal"></highlight><highlight class="keywordflow">if</highlight><highlight class="normal">(isset($_POST[</highlight><highlight class="stringliteral">&apos;search_hos&apos;</highlight><highlight class="normal">])){</highlight></codeline>
<codeline lineno="6"><highlight class="normal"><sp/><sp/><sp/><sp/>$records<sp/>=<sp/><ref refid="index_8php_1a1fa3127fc82f96b1436d871ef02be319" kindref="member">$db</ref>-&gt;getHospitalDetailsViaFilter(htmlspecialchars($_POST[</highlight><highlight class="stringliteral">&apos;filter&apos;</highlight><highlight class="normal">]));</highlight></codeline>
<codeline lineno="7" refid="hospital_8php_1a16a2258c2a4bc8459d84cee04519d7a7" refkind="member"><highlight class="normal">}</highlight><highlight class="keywordflow">else</highlight><highlight class="normal">{</highlight></codeline>
<codeline lineno="8"><highlight class="normal"><sp/><sp/><sp/><sp/>$records<sp/>=<sp/><ref refid="index_8php_1a1fa3127fc82f96b1436d871ef02be319" kindref="member">$db</ref>-&gt;getHospitalDetails();</highlight></codeline>
<codeline lineno="9"><highlight class="normal">}</highlight></codeline>
<codeline lineno="10"><highlight class="normal"></highlight></codeline>
<codeline lineno="11"><highlight class="normal">include<sp/></highlight><highlight class="stringliteral">&apos;temp/header.php&apos;</highlight><highlight class="normal">;</highlight></codeline>
<codeline lineno="12"><highlight class="normal">include<sp/></highlight><highlight class="stringliteral">&apos;temp/inc_hospital.php&apos;</highlight><highlight class="normal">;</highlight></codeline>
<codeline lineno="13"><highlight class="normal">include<sp/></highlight><highlight class="stringliteral">&apos;temp/footer.php&apos;</highlight><highlight class="normal">;</highlight></codeline>
<codeline lineno="14"><highlight class="normal">?&gt;</highlight></codeline>
    </programlisting>
    <location file="hospital.php"/>
  </compounddef>
</doxygen>
