<?xml version='1.0' encoding='UTF-8' standalone='no'?>
<doxygenindex xmlns:xsi="http://www.w3.org/2001/XMLSchema-instance" xsi:noNamespaceSchemaLocation="index.xsd" version="1.8.16">
  <compound refid="blood__donor_8php" kind="file"><name>blood_donor.php</name>
    <member refid="blood__donor_8php_1aee7f4621514e66954e346bed22fd6970" kind="variable"><name>else</name></member>
  </compound>
  <compound refid="dashboard_8php" kind="file"><name>dashboard.php</name>
    <member refid="dashboard_8php_1acf5d6dd3ee125abb9a2523b30bc47d02" kind="variable"><name>$flag</name></member>
    <member refid="dashboard_8php_1ae2ee8ca8da7538f5882519b75971e8ee" kind="variable"><name>$allPosts</name></member>
  </compound>
  <compound refid="doctor_8php" kind="file"><name>doctor.php</name>
    <member refid="doctor_8php_1a2a2467241cb4cb2e977753ea414511cd" kind="variable"><name>else</name></member>
  </compound>
  <compound refid="fire__brigade_8php" kind="file"><name>fire_brigade.php</name>
    <member refid="fire__brigade_8php_1aa4b2e96c2697212888119434d46ef08d" kind="variable"><name>else</name></member>
  </compound>
  <compound refid="hospital_8php" kind="file"><name>hospital.php</name>
    <member refid="hospital_8php_1a16a2258c2a4bc8459d84cee04519d7a7" kind="variable"><name>else</name></member>
  </compound>
  <compound refid="index_8php" kind="file"><name>index.php</name>
    <member refid="index_8php_1a5f545b9684799a00f7a14442205b98e3" kind="variable"><name>$_SESSION</name></member>
    <member refid="index_8php_1a1fa3127fc82f96b1436d871ef02be319" kind="variable"><name>$db</name></member>
    <member refid="index_8php_1acf5d6dd3ee125abb9a2523b30bc47d02" kind="variable"><name>$flag</name></member>
    <member refid="index_8php_1a10cc491896a7ad315cab79ba34af567c" kind="variable"><name>else</name></member>
  </compound>
  <compound refid="_r_e_a_d_m_e_8md" kind="file"><name>README.md</name>
  </compound>
  <compound refid="register_8php" kind="file"><name>register.php</name>
    <member refid="register_8php_1a1fa3127fc82f96b1436d871ef02be319" kind="variable"><name>$db</name></member>
    <member refid="register_8php_1acf5d6dd3ee125abb9a2523b30bc47d02" kind="variable"><name>$flag</name></member>
    <member refid="register_8php_1a0d1b7ba88b0f4705c67fcbd4c38c9c5c" kind="variable"><name>if</name></member>
  </compound>
  <compound refid="security_8php" kind="file"><name>security.php</name>
    <member refid="security_8php_1a580e5c731107e5e10999d53c86d01f96" kind="variable"><name>else</name></member>
  </compound>
  <compound refid="session_8php" kind="file"><name>session.php</name>
    <member refid="session_8php_1a68fbc5a9273a24181c50a057d11603fa" kind="variable"><name>$fileName</name></member>
    <member refid="session_8php_1ab2fc40d43824ea3e1ce5d86dee0d763b" kind="variable"><name>$name</name></member>
    <member refid="session_8php_1ada57e7bb7c152edad18fe2f166188691" kind="variable"><name>$title</name></member>
    <member refid="session_8php_1ad0b3d51a911e55de6c3395c8549237d1" kind="variable"><name>if</name></member>
    <member refid="session_8php_1a1fa3127fc82f96b1436d871ef02be319" kind="variable"><name>$db</name></member>
    <member refid="session_8php_1ad247acd538373cda98cd003bf0a1b734" kind="variable"><name>else</name></member>
  </compound>
  <compound refid="settings_8php" kind="file"><name>settings.php</name>
    <member refid="settings_8php_1af9f7a32112616c0d61dbcb7ec254bd4f" kind="variable"><name>$passFlagDemo</name></member>
    <member refid="settings_8php_1a0c3d15e3c8c6894cfb133f1be66e6193" kind="variable"><name>$imgflag</name></member>
    <member refid="settings_8php_1a0e26096d7fba554ecd47dde23c4d407c" kind="variable"><name>if</name></member>
  </compound>
  <compound refid="user_8php" kind="file"><name>user.php</name>
    <member refid="user_8php_1a5aeca86e823982be553f413b95e3b68f" kind="variable"><name>$updateFlag</name></member>
    <member refid="user_8php_1a32027f7b9fb6904cb5d7040d7b660060" kind="variable"><name>$email</name></member>
    <member refid="user_8php_1a49a8a4009b02e49717caa88b128affc5" kind="variable"><name>$res</name></member>
    <member refid="user_8php_1a9db1af915cde95754eef39d9d58e8f14" kind="variable"><name>if</name></member>
  </compound>
  <compound refid="md__r_e_a_d_m_e" kind="page"><name>md_README</name>
  </compound>
</doxygenindex>
