<?xml version='1.0' encoding='UTF-8' standalone='no'?>
<doxygen xmlns:xsi="http://www.w3.org/2001/XMLSchema-instance" xsi:noNamespaceSchemaLocation="compound.xsd" version="1.8.16">
  <compounddef id="index_8php" kind="file" language="PHP">
    <compoundname>index.php</compoundname>
      <sectiondef kind="var">
      <memberdef kind="variable" id="index_8php_1a5f545b9684799a00f7a14442205b98e3" prot="public" static="no" mutable="no">
        <type></type>
        <definition>$_SESSION</definition>
        <argsstring></argsstring>
        <name>$_SESSION</name>
        <initializer>= array()</initializer>
        <briefdescription>
        </briefdescription>
        <detaileddescription>
        </detaileddescription>
        <inbodydescription>
        </inbodydescription>
        <location file="index.php" line="3" column="1" bodyfile="index.php" bodystart="3" bodyend="-1"/>
      </memberdef>
      <memberdef kind="variable" id="index_8php_1a1fa3127fc82f96b1436d871ef02be319" prot="public" static="no" mutable="no">
        <type></type>
        <definition>$db</definition>
        <argsstring></argsstring>
        <name>$db</name>
        <initializer>= new DB()</initializer>
        <briefdescription>
        </briefdescription>
        <detaileddescription>
        </detaileddescription>
        <inbodydescription>
        </inbodydescription>
        <location file="index.php" line="6" column="1" bodyfile="index.php" bodystart="6" bodyend="-1"/>
      </memberdef>
      <memberdef kind="variable" id="index_8php_1acf5d6dd3ee125abb9a2523b30bc47d02" prot="public" static="no" mutable="no">
        <type></type>
        <definition>$flag</definition>
        <argsstring></argsstring>
        <name>$flag</name>
        <initializer>= 0</initializer>
        <briefdescription>
        </briefdescription>
        <detaileddescription>
        </detaileddescription>
        <inbodydescription>
        </inbodydescription>
        <location file="index.php" line="8" column="1" bodyfile="index.php" bodystart="8" bodyend="-1"/>
      </memberdef>
      <memberdef kind="variable" id="index_8php_1a10cc491896a7ad315cab79ba34af567c" prot="public" static="no" mutable="no">
        <type><ref refid="user_8php_1a9db1af915cde95754eef39d9d58e8f14" kindref="member">if</ref>(isset($_POST[&apos;signin&apos;]))</type>
        <definition>if (isset( $_POST[ &apos;signin&apos;])) else</definition>
        <argsstring></argsstring>
        <name>else</name>
        <initializer>{
    session_unset()</initializer>
        <briefdescription>
        </briefdescription>
        <detaileddescription>
        </detaileddescription>
        <inbodydescription>
        </inbodydescription>
        <location file="index.php" line="23" column="2" bodyfile="index.php" bodystart="23" bodyend="-1"/>
      </memberdef>
      </sectiondef>
    <briefdescription>
    </briefdescription>
    <detaileddescription>
    </detaileddescription>
    <programlisting>
<codeline lineno="1"><highlight class="normal">&lt;?php</highlight></codeline>
<codeline lineno="2"><highlight class="normal">session_start();</highlight></codeline>
<codeline lineno="3" refid="index_8php_1a5f545b9684799a00f7a14442205b98e3" refkind="member"><highlight class="normal"><ref refid="index_8php_1a5f545b9684799a00f7a14442205b98e3" kindref="member">$_SESSION</ref><sp/>=<sp/>array();</highlight></codeline>
<codeline lineno="4"><highlight class="normal"></highlight></codeline>
<codeline lineno="5"><highlight class="normal">require<sp/></highlight><highlight class="stringliteral">&apos;functions/DB.php&apos;</highlight><highlight class="normal">;</highlight></codeline>
<codeline lineno="6" refid="index_8php_1a1fa3127fc82f96b1436d871ef02be319" refkind="member"><highlight class="normal"><ref refid="index_8php_1a1fa3127fc82f96b1436d871ef02be319" kindref="member">$db</ref><sp/>=<sp/></highlight><highlight class="keyword">new</highlight><highlight class="normal"><sp/>DB();</highlight></codeline>
<codeline lineno="7"><highlight class="normal"></highlight></codeline>
<codeline lineno="8" refid="index_8php_1acf5d6dd3ee125abb9a2523b30bc47d02" refkind="member"><highlight class="normal"><ref refid="index_8php_1acf5d6dd3ee125abb9a2523b30bc47d02" kindref="member">$flag</ref><sp/>=<sp/>0;</highlight></codeline>
<codeline lineno="9"><highlight class="normal"></highlight><highlight class="keywordflow">if</highlight><highlight class="normal">(isset($_POST[</highlight><highlight class="stringliteral">&apos;signin&apos;</highlight><highlight class="normal">])){</highlight></codeline>
<codeline lineno="10"><highlight class="normal"><sp/><sp/><sp/><sp/><ref refid="user_8php_1a32027f7b9fb6904cb5d7040d7b660060" kindref="member">$email</ref><sp/>=<sp/><sp/>htmlspecialchars($_POST[</highlight><highlight class="stringliteral">&apos;email&apos;</highlight><highlight class="normal">]);</highlight></codeline>
<codeline lineno="11"><highlight class="normal"><sp/><sp/><sp/><sp/>$pass<sp/>=<sp/><sp/>htmlspecialchars($_POST[</highlight><highlight class="stringliteral">&apos;password&apos;</highlight><highlight class="normal">]);</highlight></codeline>
<codeline lineno="12"><highlight class="normal"><sp/><sp/><sp/><sp/></highlight></codeline>
<codeline lineno="13"><highlight class="normal"><sp/><sp/><sp/><sp/><ref refid="user_8php_1a49a8a4009b02e49717caa88b128affc5" kindref="member">$res</ref><sp/>=<sp/><ref refid="index_8php_1a1fa3127fc82f96b1436d871ef02be319" kindref="member">$db</ref>-&gt;isUserExist(<ref refid="user_8php_1a32027f7b9fb6904cb5d7040d7b660060" kindref="member">$email</ref>);</highlight></codeline>
<codeline lineno="14"><highlight class="normal"><sp/><sp/><sp/><sp/></highlight><highlight class="keywordflow">if</highlight><highlight class="normal">(<ref refid="user_8php_1a49a8a4009b02e49717caa88b128affc5" kindref="member">$res</ref>){</highlight></codeline>
<codeline lineno="15"><highlight class="normal"><sp/><sp/><sp/><sp/><sp/><sp/><sp/><sp/>$check<sp/>=<sp/><ref refid="index_8php_1a1fa3127fc82f96b1436d871ef02be319" kindref="member">$db</ref>-&gt;checkLogin(<ref refid="user_8php_1a32027f7b9fb6904cb5d7040d7b660060" kindref="member">$email</ref>,<sp/>$pass);</highlight></codeline>
<codeline lineno="16"><highlight class="normal"><sp/><sp/><sp/><sp/><sp/><sp/><sp/><sp/></highlight><highlight class="keywordflow">if</highlight><highlight class="normal">($check){</highlight></codeline>
<codeline lineno="17"><highlight class="normal"><sp/><sp/><sp/><sp/><sp/><sp/><sp/><sp/><sp/><sp/><sp/><sp/><ref refid="index_8php_1a5f545b9684799a00f7a14442205b98e3" kindref="member">$_SESSION</ref>[</highlight><highlight class="stringliteral">&apos;user_email&apos;</highlight><highlight class="normal">]<sp/>=<sp/><ref refid="user_8php_1a32027f7b9fb6904cb5d7040d7b660060" kindref="member">$email</ref>;</highlight></codeline>
<codeline lineno="18"><highlight class="normal"><sp/><sp/><sp/><sp/><sp/><sp/><sp/><sp/><sp/><sp/><sp/><sp/>header(</highlight><highlight class="stringliteral">&apos;Location:<sp/>dashboard.php&apos;</highlight><highlight class="normal">);</highlight></codeline>
<codeline lineno="19"><highlight class="normal"><sp/><sp/><sp/><sp/><sp/><sp/><sp/><sp/>}<sp/></highlight><highlight class="keywordflow">else</highlight><highlight class="normal"><sp/>{</highlight></codeline>
<codeline lineno="20"><highlight class="normal"><sp/><sp/><sp/><sp/><sp/><sp/><sp/><sp/><sp/><sp/><sp/><sp/><ref refid="index_8php_1acf5d6dd3ee125abb9a2523b30bc47d02" kindref="member">$flag</ref><sp/>=<sp/>1;</highlight></codeline>
<codeline lineno="21"><highlight class="normal"><sp/><sp/><sp/><sp/><sp/><sp/><sp/><sp/>}</highlight></codeline>
<codeline lineno="22"><highlight class="normal"><sp/><sp/><sp/><sp/>}</highlight></codeline>
<codeline lineno="23" refid="index_8php_1a10cc491896a7ad315cab79ba34af567c" refkind="member"><highlight class="normal">}<sp/></highlight><highlight class="keywordflow">else</highlight><highlight class="normal"><sp/>{</highlight></codeline>
<codeline lineno="24"><highlight class="normal"><sp/><sp/><sp/><sp/>session_unset();<sp/></highlight><highlight class="comment">//remove<sp/>all<sp/>session<sp/>variable</highlight><highlight class="normal"></highlight></codeline>
<codeline lineno="25"><highlight class="normal"><sp/><sp/><sp/><sp/>session_destroy();<sp/></highlight><highlight class="comment">//destroy<sp/>the<sp/>current<sp/>session</highlight><highlight class="normal"></highlight></codeline>
<codeline lineno="26"><highlight class="normal">}</highlight></codeline>
<codeline lineno="27"><highlight class="normal">?&gt;</highlight></codeline>
<codeline lineno="28"><highlight class="normal"></highlight></codeline>
<codeline lineno="29"><highlight class="normal">&lt;!DOCTYPE<sp/>html&gt;</highlight></codeline>
<codeline lineno="30"><highlight class="normal">&lt;html<sp/>lang=</highlight><highlight class="stringliteral">&quot;en&quot;</highlight><highlight class="normal">&gt;</highlight></codeline>
<codeline lineno="31"><highlight class="normal"><sp/><sp/>&lt;head&gt;</highlight></codeline>
<codeline lineno="32"><highlight class="normal"><sp/><sp/><sp/><sp/>&lt;meta<sp/>charset=</highlight><highlight class="stringliteral">&quot;utf-8&quot;</highlight><highlight class="normal">&gt;</highlight></codeline>
<codeline lineno="33"><highlight class="normal"><sp/><sp/><sp/><sp/>&lt;meta<sp/>name=</highlight><highlight class="stringliteral">&quot;viewport&quot;</highlight><highlight class="normal"><sp/>content=</highlight><highlight class="stringliteral">&quot;width=device-width,<sp/>initial-scale=1&quot;</highlight><highlight class="normal">&gt;</highlight></codeline>
<codeline lineno="34"><highlight class="normal"><sp/><sp/><sp/><sp/>&lt;title&gt;Helpline<sp/>Plus&lt;/title&gt;</highlight></codeline>
<codeline lineno="35"><highlight class="normal"><sp/><sp/><sp/><sp/>&lt;link<sp/>rel=</highlight><highlight class="stringliteral">&quot;stylesheet&quot;</highlight><highlight class="normal"><sp/>type=</highlight><highlight class="stringliteral">&quot;text/css&quot;</highlight><highlight class="normal"><sp/>href=</highlight><highlight class="stringliteral">&quot;https://fonts.googleapis.com/css?family=Open+Sans|Candal|Alegreya+Sans&quot;</highlight><highlight class="normal">&gt;</highlight></codeline>
<codeline lineno="36"><highlight class="normal"><sp/><sp/><sp/><sp/>&lt;link<sp/>rel=</highlight><highlight class="stringliteral">&quot;stylesheet&quot;</highlight><highlight class="normal"><sp/>type=</highlight><highlight class="stringliteral">&quot;text/css&quot;</highlight><highlight class="normal"><sp/>href=</highlight><highlight class="stringliteral">&quot;css/font-awesome.min.css&quot;</highlight><highlight class="normal">&gt;</highlight></codeline>
<codeline lineno="37"><highlight class="normal"><sp/><sp/><sp/><sp/>&lt;link<sp/>rel=</highlight><highlight class="stringliteral">&quot;stylesheet&quot;</highlight><highlight class="normal"><sp/>type=</highlight><highlight class="stringliteral">&quot;text/css&quot;</highlight><highlight class="normal"><sp/>href=</highlight><highlight class="stringliteral">&quot;css/bootstrap.min.css&quot;</highlight><highlight class="normal">&gt;</highlight></codeline>
<codeline lineno="38"><highlight class="normal"><sp/><sp/><sp/><sp/>&lt;link<sp/>rel=</highlight><highlight class="stringliteral">&quot;stylesheet&quot;</highlight><highlight class="normal"><sp/>type=</highlight><highlight class="stringliteral">&quot;text/css&quot;</highlight><highlight class="normal"><sp/>href=</highlight><highlight class="stringliteral">&quot;css/imagehover.min.css&quot;</highlight><highlight class="normal">&gt;</highlight></codeline>
<codeline lineno="39"><highlight class="normal"><sp/><sp/><sp/><sp/>&lt;link<sp/>rel=</highlight><highlight class="stringliteral">&quot;stylesheet&quot;</highlight><highlight class="normal"><sp/>type=</highlight><highlight class="stringliteral">&quot;text/css&quot;</highlight><highlight class="normal"><sp/>href=</highlight><highlight class="stringliteral">&quot;css/style.css&quot;</highlight><highlight class="normal">&gt;</highlight></codeline>
<codeline lineno="40"><highlight class="normal"><sp/><sp/><sp/></highlight></codeline>
<codeline lineno="41"><highlight class="normal"><sp/><sp/>&lt;/head&gt;</highlight></codeline>
<codeline lineno="42"><highlight class="normal"><sp/><sp/>&lt;body&gt;</highlight></codeline>
<codeline lineno="43"><highlight class="normal"><sp/><sp/><sp/><sp/>&lt;!--Navigation<sp/>bar--&gt;</highlight></codeline>
<codeline lineno="44"><highlight class="normal"><sp/><sp/><sp/><sp/>&lt;nav<sp/></highlight><highlight class="keyword">class</highlight><highlight class="normal">=</highlight><highlight class="stringliteral">&quot;navbar<sp/>navbar-default<sp/>navbar-fixed-top&quot;</highlight><highlight class="normal">&gt;</highlight></codeline>
<codeline lineno="45"><highlight class="normal"><sp/><sp/><sp/><sp/><sp/><sp/>&lt;div<sp/></highlight><highlight class="keyword">class</highlight><highlight class="normal">=</highlight><highlight class="stringliteral">&quot;container&quot;</highlight><highlight class="normal">&gt;</highlight></codeline>
<codeline lineno="46"><highlight class="normal"><sp/><sp/><sp/><sp/><sp/><sp/><sp/><sp/>&lt;div<sp/></highlight><highlight class="keyword">class</highlight><highlight class="normal">=</highlight><highlight class="stringliteral">&quot;navbar-header&quot;</highlight><highlight class="normal">&gt;</highlight></codeline>
<codeline lineno="47"><highlight class="normal"><sp/><sp/><sp/><sp/><sp/><sp/><sp/><sp/>&lt;button<sp/>type=</highlight><highlight class="stringliteral">&quot;button&quot;</highlight><highlight class="normal"><sp/></highlight><highlight class="keyword">class</highlight><highlight class="normal">=</highlight><highlight class="stringliteral">&quot;navbar-toggle&quot;</highlight><highlight class="normal"><sp/>data-toggle=</highlight><highlight class="stringliteral">&quot;collapse&quot;</highlight><highlight class="normal"><sp/>data-target=</highlight><highlight class="stringliteral">&quot;#myNavbar&quot;</highlight><highlight class="normal">&gt;</highlight></codeline>
<codeline lineno="48"><highlight class="normal"><sp/><sp/><sp/><sp/><sp/><sp/><sp/><sp/><sp/><sp/>&lt;span<sp/></highlight><highlight class="keyword">class</highlight><highlight class="normal">=</highlight><highlight class="stringliteral">&quot;icon-bar&quot;</highlight><highlight class="normal">&gt;&lt;/span&gt;</highlight></codeline>
<codeline lineno="49"><highlight class="normal"><sp/><sp/><sp/><sp/><sp/><sp/><sp/><sp/><sp/><sp/>&lt;span<sp/></highlight><highlight class="keyword">class</highlight><highlight class="normal">=</highlight><highlight class="stringliteral">&quot;icon-bar&quot;</highlight><highlight class="normal">&gt;&lt;/span&gt;</highlight></codeline>
<codeline lineno="50"><highlight class="normal"><sp/><sp/><sp/><sp/><sp/><sp/><sp/><sp/><sp/><sp/>&lt;span<sp/></highlight><highlight class="keyword">class</highlight><highlight class="normal">=</highlight><highlight class="stringliteral">&quot;icon-bar&quot;</highlight><highlight class="normal">&gt;&lt;/span&gt;</highlight></codeline>
<codeline lineno="51"><highlight class="normal"><sp/><sp/><sp/><sp/><sp/><sp/><sp/><sp/>&lt;/button&gt;</highlight></codeline>
<codeline lineno="52"><highlight class="normal"><sp/><sp/><sp/><sp/><sp/><sp/><sp/><sp/>&lt;a<sp/></highlight><highlight class="keyword">class</highlight><highlight class="normal">=</highlight><highlight class="stringliteral">&quot;navbar-brand&quot;</highlight><highlight class="normal"><sp/>href=</highlight><highlight class="stringliteral">&quot;index.php&quot;</highlight><highlight class="normal">&gt;HELPLINE&lt;span&gt;+&lt;/span&gt;&lt;/a&gt;</highlight></codeline>
<codeline lineno="53"><highlight class="normal"><sp/><sp/><sp/><sp/><sp/><sp/><sp/><sp/>&lt;/div&gt;</highlight></codeline>
<codeline lineno="54"><highlight class="normal"><sp/><sp/><sp/><sp/><sp/><sp/><sp/><sp/>&lt;div<sp/></highlight><highlight class="keyword">class</highlight><highlight class="normal">=</highlight><highlight class="stringliteral">&quot;collapse<sp/>navbar-collapse&quot;</highlight><highlight class="normal"><sp/></highlight><highlight class="keywordtype">id</highlight><highlight class="normal">=</highlight><highlight class="stringliteral">&quot;myNavbar&quot;</highlight><highlight class="normal">&gt;</highlight></codeline>
<codeline lineno="55"><highlight class="normal"><sp/><sp/><sp/><sp/><sp/><sp/><sp/><sp/>&lt;ul<sp/></highlight><highlight class="keyword">class</highlight><highlight class="normal">=</highlight><highlight class="stringliteral">&quot;nav<sp/>navbar-nav<sp/>navbar-right&quot;</highlight><highlight class="normal">&gt;</highlight></codeline>
<codeline lineno="56"><highlight class="normal"><sp/><sp/><sp/><sp/><sp/><sp/><sp/><sp/><sp/><sp/>&lt;li&gt;&lt;a<sp/>href=</highlight><highlight class="stringliteral">&quot;#feature&quot;</highlight><highlight class="normal">&gt;Features&lt;/a&gt;&lt;/li&gt;</highlight></codeline>
<codeline lineno="57"><highlight class="normal"><sp/><sp/><sp/><sp/><sp/><sp/><sp/><sp/><sp/><sp/>&lt;li&gt;&lt;a<sp/>href=</highlight><highlight class="stringliteral">&quot;#contact&quot;</highlight><highlight class="normal">&gt;Contact<sp/>Us&lt;/a&gt;&lt;/li&gt;</highlight></codeline>
<codeline lineno="58"><highlight class="normal"><sp/><sp/><sp/><sp/><sp/><sp/><sp/><sp/><sp/><sp/>&lt;li&gt;&lt;a<sp/>href=</highlight><highlight class="stringliteral">&quot;#&quot;</highlight><highlight class="normal"><sp/>data-target=</highlight><highlight class="stringliteral">&quot;#login&quot;</highlight><highlight class="normal"><sp/>data-toggle=</highlight><highlight class="stringliteral">&quot;modal&quot;</highlight><highlight class="normal">&gt;Sign<sp/>in/Sign<sp/>up&lt;/a&gt;&lt;/li&gt;</highlight></codeline>
<codeline lineno="59"><highlight class="normal"><sp/><sp/><sp/><sp/><sp/><sp/><sp/><sp/>&lt;/ul&gt;</highlight></codeline>
<codeline lineno="60"><highlight class="normal"><sp/><sp/><sp/><sp/><sp/><sp/><sp/><sp/>&lt;/div&gt;</highlight></codeline>
<codeline lineno="61"><highlight class="normal"><sp/><sp/><sp/><sp/><sp/><sp/>&lt;/div&gt;</highlight></codeline>
<codeline lineno="62"><highlight class="normal"><sp/><sp/><sp/><sp/>&lt;/nav&gt;</highlight></codeline>
<codeline lineno="63"><highlight class="normal"><sp/><sp/><sp/><sp/>&lt;!--/<sp/>Navigation<sp/>bar--&gt;</highlight></codeline>
<codeline lineno="64"><highlight class="normal"><sp/><sp/><sp/><sp/>&lt;!--Modal<sp/>box--&gt;</highlight></codeline>
<codeline lineno="65"><highlight class="normal"><sp/><sp/><sp/><sp/>&lt;div<sp/></highlight><highlight class="keyword">class</highlight><highlight class="normal">=</highlight><highlight class="stringliteral">&quot;modal<sp/>fade&quot;</highlight><highlight class="normal"><sp/></highlight><highlight class="keywordtype">id</highlight><highlight class="normal">=</highlight><highlight class="stringliteral">&quot;login&quot;</highlight><highlight class="normal"><sp/>role=</highlight><highlight class="stringliteral">&quot;dialog&quot;</highlight><highlight class="normal">&gt;</highlight></codeline>
<codeline lineno="66"><highlight class="normal"><sp/><sp/><sp/><sp/><sp/><sp/>&lt;div<sp/></highlight><highlight class="keyword">class</highlight><highlight class="normal">=</highlight><highlight class="stringliteral">&quot;modal-dialog<sp/>modal-sm&quot;</highlight><highlight class="normal">&gt;</highlight></codeline>
<codeline lineno="67"><highlight class="normal"><sp/><sp/><sp/><sp/><sp/><sp/></highlight></codeline>
<codeline lineno="68"><highlight class="normal"><sp/><sp/><sp/><sp/><sp/><sp/><sp/><sp/>&lt;!--<sp/>Modal<sp/>content<sp/>no<sp/>1--&gt;</highlight></codeline>
<codeline lineno="69"><highlight class="normal"><sp/><sp/><sp/><sp/><sp/><sp/><sp/><sp/>&lt;div<sp/></highlight><highlight class="keyword">class</highlight><highlight class="normal">=</highlight><highlight class="stringliteral">&quot;modal-content&quot;</highlight><highlight class="normal">&gt;</highlight></codeline>
<codeline lineno="70"><highlight class="normal"><sp/><sp/><sp/><sp/><sp/><sp/><sp/><sp/><sp/><sp/>&lt;div<sp/></highlight><highlight class="keyword">class</highlight><highlight class="normal">=</highlight><highlight class="stringliteral">&quot;modal-header&quot;</highlight><highlight class="normal">&gt;</highlight></codeline>
<codeline lineno="71"><highlight class="normal"><sp/><sp/><sp/><sp/><sp/><sp/><sp/><sp/><sp/><sp/><sp/><sp/>&lt;button<sp/>type=</highlight><highlight class="stringliteral">&quot;button&quot;</highlight><highlight class="normal"><sp/></highlight><highlight class="keyword">class</highlight><highlight class="normal">=</highlight><highlight class="stringliteral">&quot;close&quot;</highlight><highlight class="normal"><sp/>data-dismiss=</highlight><highlight class="stringliteral">&quot;modal&quot;</highlight><highlight class="normal">&gt;&amp;times;&lt;/button&gt;</highlight></codeline>
<codeline lineno="72"><highlight class="normal"><sp/><sp/><sp/><sp/><sp/><sp/><sp/><sp/><sp/><sp/><sp/><sp/>&lt;h4<sp/></highlight><highlight class="keyword">class</highlight><highlight class="normal">=</highlight><highlight class="stringliteral">&quot;modal-title<sp/>text-center<sp/>form-title&quot;</highlight><highlight class="normal">&gt;Sign<sp/>in&lt;/h4&gt;</highlight></codeline>
<codeline lineno="73"><highlight class="normal"><sp/><sp/><sp/><sp/><sp/><sp/><sp/><sp/><sp/><sp/>&lt;/div&gt;</highlight></codeline>
<codeline lineno="74"><highlight class="normal"><sp/><sp/><sp/><sp/><sp/><sp/><sp/><sp/><sp/><sp/>&lt;div<sp/></highlight><highlight class="keyword">class</highlight><highlight class="normal">=</highlight><highlight class="stringliteral">&quot;modal-body<sp/>padtrbl&quot;</highlight><highlight class="normal">&gt;</highlight></codeline>
<codeline lineno="75"><highlight class="normal"></highlight></codeline>
<codeline lineno="76"><highlight class="normal"><sp/><sp/><sp/><sp/><sp/><sp/><sp/><sp/><sp/><sp/><sp/><sp/>&lt;div<sp/></highlight><highlight class="keyword">class</highlight><highlight class="normal">=</highlight><highlight class="stringliteral">&quot;login-box-body&quot;</highlight><highlight class="normal">&gt;</highlight></codeline>
<codeline lineno="77"><highlight class="normal"><sp/><sp/><sp/><sp/><sp/><sp/><sp/><sp/><sp/><sp/><sp/><sp/><sp/><sp/>&lt;div<sp/></highlight><highlight class="keyword">class</highlight><highlight class="normal">=</highlight><highlight class="stringliteral">&quot;form-group&quot;</highlight><highlight class="normal">&gt;</highlight></codeline>
<codeline lineno="78"><highlight class="normal"><sp/><sp/><sp/><sp/><sp/><sp/><sp/><sp/><sp/><sp/><sp/><sp/><sp/><sp/><sp/><sp/>&lt;form<sp/>method=</highlight><highlight class="stringliteral">&quot;post&quot;</highlight><highlight class="normal"><sp/></highlight><highlight class="keywordtype">id</highlight><highlight class="normal">=</highlight><highlight class="stringliteral">&quot;loginForm&quot;</highlight><highlight class="normal"><sp/>action=</highlight><highlight class="stringliteral">&quot;&lt;?php<sp/>echo<sp/>$_SERVER[&apos;PHP_SELF&apos;];<sp/>?&gt;&quot;</highlight><highlight class="normal">&gt;</highlight></codeline>
<codeline lineno="79"><highlight class="normal"><sp/><sp/><sp/><sp/><sp/><sp/><sp/><sp/><sp/><sp/><sp/><sp/><sp/><sp/><sp/><sp/><sp/>&lt;div<sp/></highlight><highlight class="keyword">class</highlight><highlight class="normal">=</highlight><highlight class="stringliteral">&quot;form-group<sp/>has-feedback&quot;</highlight><highlight class="normal">&gt;<sp/>&lt;!-----<sp/>username<sp/>--------------&gt;</highlight></codeline>
<codeline lineno="80"><highlight class="normal"><sp/><sp/><sp/><sp/><sp/><sp/><sp/><sp/><sp/><sp/><sp/><sp/><sp/><sp/><sp/><sp/><sp/><sp/><sp/><sp/><sp/>&lt;input<sp/></highlight><highlight class="keyword">class</highlight><highlight class="normal">=</highlight><highlight class="stringliteral">&quot;form-control&quot;</highlight><highlight class="normal"><sp/>placeholder=</highlight><highlight class="stringliteral">&quot;Email<sp/>Address&quot;</highlight><highlight class="normal"><sp/><sp/></highlight><highlight class="keywordtype">id</highlight><highlight class="normal">=</highlight><highlight class="stringliteral">&quot;loginid&quot;</highlight><highlight class="normal"><sp/>type=</highlight><highlight class="stringliteral">&quot;text&quot;</highlight><highlight class="normal"><sp/>autocomplete=</highlight><highlight class="stringliteral">&quot;off&quot;</highlight><highlight class="normal"><sp/>name=</highlight><highlight class="stringliteral">&quot;email&quot;</highlight><highlight class="normal">/&gt;</highlight></codeline>
<codeline lineno="81"><highlight class="normal"><sp/><sp/><sp/><sp/><sp/><sp/><sp/><sp/><sp/><sp/><sp/><sp/><sp/><sp/><sp/><sp/><sp/><sp/><sp/><sp/><sp/><sp/>&lt;span<sp/>style=</highlight><highlight class="stringliteral">&quot;display:none;font-weight:bold;<sp/>position:absolute;color:<sp/>red;position:<sp/>absolute;padding:4px;font-size:<sp/>11px;background-color:rgba(128,<sp/>128,<sp/>128,<sp/>0.26);z-index:<sp/>17;<sp/><sp/>right:<sp/>27px;<sp/>top:<sp/>5px;&quot;</highlight><highlight class="normal"><sp/></highlight><highlight class="keywordtype">id</highlight><highlight class="normal">=</highlight><highlight class="stringliteral">&quot;span_loginid&quot;</highlight><highlight class="normal">&gt;&lt;/span&gt;&lt;!---Alredy<sp/>exists<sp/><sp/>!<sp/>--&gt;</highlight></codeline>
<codeline lineno="82"><highlight class="normal"><sp/><sp/><sp/><sp/><sp/><sp/><sp/><sp/><sp/><sp/><sp/><sp/><sp/><sp/><sp/><sp/><sp/><sp/><sp/><sp/><sp/><sp/>&lt;span<sp/></highlight><highlight class="keyword">class</highlight><highlight class="normal">=</highlight><highlight class="stringliteral">&quot;glyphicon<sp/>glyphicon-user<sp/>form-control-feedback&quot;</highlight><highlight class="normal">&gt;&lt;/span&gt;</highlight></codeline>
<codeline lineno="83"><highlight class="normal"><sp/><sp/><sp/><sp/><sp/><sp/><sp/><sp/><sp/><sp/><sp/><sp/><sp/><sp/><sp/><sp/><sp/><sp/>&lt;/div&gt;</highlight></codeline>
<codeline lineno="84"><highlight class="normal"><sp/><sp/><sp/><sp/><sp/><sp/><sp/><sp/><sp/><sp/><sp/><sp/><sp/><sp/><sp/><sp/><sp/><sp/>&lt;div<sp/></highlight><highlight class="keyword">class</highlight><highlight class="normal">=</highlight><highlight class="stringliteral">&quot;form-group<sp/>has-feedback&quot;</highlight><highlight class="normal">&gt;&lt;!-----<sp/>password<sp/>--------------&gt;</highlight></codeline>
<codeline lineno="85"><highlight class="normal"><sp/><sp/><sp/><sp/><sp/><sp/><sp/><sp/><sp/><sp/><sp/><sp/><sp/><sp/><sp/><sp/><sp/><sp/><sp/><sp/><sp/><sp/>&lt;input<sp/></highlight><highlight class="keyword">class</highlight><highlight class="normal">=</highlight><highlight class="stringliteral">&quot;form-control&quot;</highlight><highlight class="normal"><sp/>placeholder=</highlight><highlight class="stringliteral">&quot;Password&quot;</highlight><highlight class="normal"><sp/></highlight><highlight class="keywordtype">id</highlight><highlight class="normal">=</highlight><highlight class="stringliteral">&quot;loginpsw&quot;</highlight><highlight class="normal"><sp/>type=</highlight><highlight class="stringliteral">&quot;password&quot;</highlight><highlight class="normal"><sp/>autocomplete=</highlight><highlight class="stringliteral">&quot;off&quot;</highlight><highlight class="normal"><sp/>name=</highlight><highlight class="stringliteral">&quot;password&quot;</highlight><highlight class="normal">/&gt;</highlight></codeline>
<codeline lineno="86"><highlight class="normal"><sp/><sp/><sp/><sp/><sp/><sp/><sp/><sp/><sp/><sp/><sp/><sp/><sp/><sp/><sp/><sp/><sp/><sp/><sp/><sp/><sp/><sp/>&lt;span<sp/>style=</highlight><highlight class="stringliteral">&quot;display:none;font-weight:bold;<sp/>position:absolute;color:<sp/>grey;position:<sp/>absolute;padding:4px;font-size:<sp/>11px;background-color:rgba(128,<sp/>128,<sp/>128,<sp/>0.26);z-index:<sp/>17;<sp/><sp/>right:<sp/>27px;<sp/>top:<sp/>5px;&quot;</highlight><highlight class="normal"><sp/></highlight><highlight class="keywordtype">id</highlight><highlight class="normal">=</highlight><highlight class="stringliteral">&quot;span_loginpsw&quot;</highlight><highlight class="normal">&gt;&lt;/span&gt;&lt;!---Alredy<sp/>exists<sp/><sp/>!<sp/>--&gt;</highlight></codeline>
<codeline lineno="87"><highlight class="normal"><sp/><sp/><sp/><sp/><sp/><sp/><sp/><sp/><sp/><sp/><sp/><sp/><sp/><sp/><sp/><sp/><sp/><sp/><sp/><sp/><sp/><sp/>&lt;span<sp/></highlight><highlight class="keyword">class</highlight><highlight class="normal">=</highlight><highlight class="stringliteral">&quot;glyphicon<sp/>glyphicon-lock<sp/>form-control-feedback&quot;</highlight><highlight class="normal">&gt;&lt;/span&gt;</highlight></codeline>
<codeline lineno="88"><highlight class="normal"><sp/><sp/><sp/><sp/><sp/><sp/><sp/><sp/><sp/><sp/><sp/><sp/><sp/><sp/><sp/><sp/><sp/><sp/>&lt;/div&gt;</highlight></codeline>
<codeline lineno="89"><highlight class="normal"><sp/><sp/><sp/><sp/><sp/><sp/><sp/><sp/><sp/><sp/><sp/><sp/><sp/><sp/><sp/><sp/><sp/><sp/>&lt;div<sp/></highlight><highlight class="keyword">class</highlight><highlight class="normal">=</highlight><highlight class="stringliteral">&quot;row&quot;</highlight><highlight class="normal">&gt;</highlight></codeline>
<codeline lineno="90"><highlight class="normal"><sp/><sp/><sp/><sp/><sp/><sp/><sp/><sp/><sp/><sp/><sp/><sp/><sp/><sp/><sp/><sp/><sp/><sp/><sp/><sp/><sp/><sp/>&lt;div<sp/></highlight><highlight class="keyword">class</highlight><highlight class="normal">=</highlight><highlight class="stringliteral">&quot;col-xs-12&quot;</highlight><highlight class="normal">&gt;</highlight></codeline>
<codeline lineno="91"><highlight class="normal"><sp/><sp/><sp/><sp/><sp/><sp/><sp/><sp/><sp/><sp/><sp/><sp/><sp/><sp/><sp/><sp/><sp/><sp/><sp/><sp/><sp/><sp/><sp/><sp/><sp/><sp/>&lt;button<sp/>type=</highlight><highlight class="stringliteral">&quot;submit&quot;</highlight><highlight class="normal"><sp/></highlight><highlight class="keyword">class</highlight><highlight class="normal">=</highlight><highlight class="stringliteral">&quot;btn<sp/>btn-green<sp/>btn-block<sp/>btn-flat&quot;</highlight><highlight class="normal"><sp/>name=</highlight><highlight class="stringliteral">&quot;signin&quot;</highlight><highlight class="normal">&gt;Sign<sp/>In&lt;/button&gt;</highlight></codeline>
<codeline lineno="92"><highlight class="normal"><sp/><sp/><sp/><sp/><sp/><sp/><sp/><sp/><sp/><sp/><sp/><sp/><sp/><sp/><sp/><sp/><sp/><sp/><sp/><sp/><sp/><sp/><sp/><sp/><sp/><sp/>&lt;button<sp/>type=</highlight><highlight class="stringliteral">&quot;button&quot;</highlight><highlight class="normal"><sp/></highlight><highlight class="keyword">class</highlight><highlight class="normal">=</highlight><highlight class="stringliteral">&quot;btn<sp/>btn-gray<sp/>btn-block<sp/>btn-flat&quot;</highlight><highlight class="normal"><sp/>onclick=</highlight><highlight class="stringliteral">&quot;window.location.href=&apos;register.php&apos;&quot;</highlight><highlight class="normal">&gt;Sign<sp/>up&lt;/button&gt;</highlight></codeline>
<codeline lineno="93"><highlight class="normal"><sp/><sp/><sp/><sp/><sp/><sp/><sp/><sp/><sp/><sp/><sp/><sp/><sp/><sp/><sp/><sp/><sp/><sp/><sp/><sp/><sp/><sp/>&lt;/div&gt;</highlight></codeline>
<codeline lineno="94"><highlight class="normal"><sp/><sp/><sp/><sp/><sp/><sp/><sp/><sp/><sp/><sp/><sp/><sp/><sp/><sp/><sp/><sp/><sp/><sp/>&lt;/div&gt;</highlight></codeline>
<codeline lineno="95"><highlight class="normal"><sp/><sp/><sp/><sp/><sp/><sp/><sp/><sp/><sp/><sp/><sp/><sp/><sp/><sp/><sp/><sp/>&lt;/form&gt;</highlight></codeline>
<codeline lineno="96"><highlight class="normal"><sp/><sp/><sp/><sp/><sp/><sp/><sp/><sp/><sp/><sp/><sp/><sp/><sp/><sp/>&lt;/div&gt;</highlight></codeline>
<codeline lineno="97"><highlight class="normal"><sp/><sp/><sp/><sp/><sp/><sp/><sp/><sp/><sp/><sp/><sp/><sp/>&lt;/div&gt;</highlight></codeline>
<codeline lineno="98"><highlight class="normal"><sp/><sp/><sp/><sp/><sp/><sp/><sp/><sp/><sp/><sp/>&lt;/div&gt;</highlight></codeline>
<codeline lineno="99"><highlight class="normal"><sp/><sp/><sp/><sp/><sp/><sp/><sp/><sp/>&lt;/div&gt;</highlight></codeline>
<codeline lineno="100"><highlight class="normal"></highlight></codeline>
<codeline lineno="101"><highlight class="normal"><sp/><sp/><sp/><sp/><sp/><sp/>&lt;/div&gt;</highlight></codeline>
<codeline lineno="102"><highlight class="normal"><sp/><sp/><sp/><sp/>&lt;/div&gt;</highlight></codeline>
<codeline lineno="103"><highlight class="normal"><sp/><sp/><sp/><sp/>&lt;!--/<sp/>Modal<sp/>box--&gt;</highlight></codeline>
<codeline lineno="104"><highlight class="normal"><sp/><sp/><sp/><sp/>&lt;!--Banner--&gt;</highlight></codeline>
<codeline lineno="105"><highlight class="normal"><sp/><sp/><sp/><sp/>&lt;div<sp/></highlight><highlight class="keyword">class</highlight><highlight class="normal">=</highlight><highlight class="stringliteral">&quot;banner&quot;</highlight><highlight class="normal">&gt;</highlight></codeline>
<codeline lineno="106"><highlight class="normal"><sp/><sp/><sp/><sp/><sp/><sp/>&lt;div<sp/></highlight><highlight class="keyword">class</highlight><highlight class="normal">=</highlight><highlight class="stringliteral">&quot;bg-color&quot;</highlight><highlight class="normal">&gt;</highlight></codeline>
<codeline lineno="107"><highlight class="normal"><sp/><sp/><sp/><sp/><sp/><sp/><sp/><sp/>&lt;div<sp/></highlight><highlight class="keyword">class</highlight><highlight class="normal">=</highlight><highlight class="stringliteral">&quot;container&quot;</highlight><highlight class="normal">&gt;</highlight></codeline>
<codeline lineno="108"><highlight class="normal"><sp/><sp/><sp/><sp/><sp/><sp/><sp/><sp/><sp/><sp/>&lt;div<sp/></highlight><highlight class="keyword">class</highlight><highlight class="normal">=</highlight><highlight class="stringliteral">&quot;row&quot;</highlight><highlight class="normal">&gt;</highlight></codeline>
<codeline lineno="109"><highlight class="normal"><sp/><sp/><sp/><sp/><sp/><sp/><sp/><sp/><sp/><sp/><sp/><sp/>&lt;div<sp/></highlight><highlight class="keyword">class</highlight><highlight class="normal">=</highlight><highlight class="stringliteral">&quot;banner-text<sp/>text-center&quot;</highlight><highlight class="normal">&gt;</highlight></codeline>
<codeline lineno="110"><highlight class="normal"><sp/><sp/><sp/><sp/><sp/><sp/><sp/><sp/><sp/><sp/><sp/><sp/><sp/><sp/>&lt;div<sp/></highlight><highlight class="keyword">class</highlight><highlight class="normal">=</highlight><highlight class="stringliteral">&quot;text-border&quot;</highlight><highlight class="normal">&gt;</highlight></codeline>
<codeline lineno="111"><highlight class="normal"><sp/><sp/><sp/><sp/><sp/><sp/><sp/><sp/><sp/><sp/><sp/><sp/><sp/><sp/><sp/><sp/>&lt;h2<sp/></highlight><highlight class="keyword">class</highlight><highlight class="normal">=</highlight><highlight class="stringliteral">&quot;text-dec&quot;</highlight><highlight class="normal">&gt;Elite<sp/>Community&lt;/h2&gt;</highlight></codeline>
<codeline lineno="112"><highlight class="normal"><sp/><sp/><sp/><sp/><sp/><sp/><sp/><sp/><sp/><sp/><sp/><sp/><sp/><sp/>&lt;/div&gt;</highlight></codeline>
<codeline lineno="113"><highlight class="normal"><sp/><sp/><sp/><sp/><sp/><sp/><sp/><sp/><sp/><sp/><sp/><sp/><sp/><sp/>&lt;div<sp/></highlight><highlight class="keyword">class</highlight><highlight class="normal">=</highlight><highlight class="stringliteral">&quot;intro-para<sp/>text-center<sp/>quote&quot;</highlight><highlight class="normal">&gt;</highlight></codeline>
<codeline lineno="114"><highlight class="normal"><sp/><sp/><sp/><sp/><sp/><sp/><sp/><sp/><sp/><sp/><sp/><sp/><sp/><sp/><sp/><sp/><sp/>&lt;p<sp/></highlight><highlight class="keyword">class</highlight><highlight class="normal">=</highlight><highlight class="stringliteral">&quot;big-text&quot;</highlight><highlight class="normal">&gt;Helping<sp/>others<sp/>is<sp/>the<sp/>way<sp/>we<sp/>help<sp/>ourselves&lt;/p&gt;</highlight></codeline>
<codeline lineno="115"><highlight class="normal"><sp/><sp/><sp/><sp/><sp/><sp/><sp/><sp/><sp/><sp/><sp/><sp/><sp/><sp/><sp/><sp/><sp/><sp/><sp/><sp/>&lt;p<sp/></highlight><highlight class="keyword">class</highlight><highlight class="normal">=</highlight><highlight class="stringliteral">&quot;small-text&quot;</highlight><highlight class="normal">&gt;24/7<sp/>&amp;nbsp<sp/>Online<sp/>&amp;nbsp<sp/>Service<sp/>&amp;nbsp<sp/>Is<sp/>&amp;nbsp<sp/>Just<sp/>&amp;nbsp<sp/>One<sp/>&amp;nbsp<sp/>Click<sp/>&amp;nbsp<sp/>Ahead.&amp;nbsp<sp/>Sign<sp/>&amp;nbsp<sp/>Up<sp/>&amp;nbsp<sp/>Now!&lt;/p&gt;</highlight></codeline>
<codeline lineno="116"><highlight class="normal"><sp/><sp/><sp/><sp/><sp/><sp/><sp/><sp/><sp/><sp/><sp/><sp/><sp/><sp/><sp/><sp/>&lt;/div&gt;</highlight></codeline>
<codeline lineno="117"><highlight class="normal"><sp/><sp/><sp/><sp/><sp/><sp/><sp/><sp/><sp/><sp/><sp/><sp/>&lt;/div&gt;</highlight></codeline>
<codeline lineno="118"><highlight class="normal"><sp/><sp/><sp/><sp/><sp/><sp/><sp/><sp/><sp/><sp/>&lt;/div&gt;</highlight></codeline>
<codeline lineno="119"><highlight class="normal"><sp/><sp/><sp/><sp/><sp/><sp/><sp/><sp/>&lt;/div&gt;</highlight></codeline>
<codeline lineno="120"><highlight class="normal"><sp/><sp/><sp/><sp/><sp/><sp/>&lt;/div&gt;</highlight></codeline>
<codeline lineno="121"><highlight class="normal"><sp/><sp/><sp/><sp/>&lt;/div&gt;</highlight></codeline>
<codeline lineno="122"><highlight class="normal"><sp/><sp/><sp/><sp/>&lt;!--/<sp/>Banner--&gt;</highlight></codeline>
<codeline lineno="123"><highlight class="normal"><sp/><sp/><sp/><sp/>&lt;!--Feature--&gt;</highlight></codeline>
<codeline lineno="124"><highlight class="normal"><sp/><sp/><sp/><sp/>&lt;section<sp/></highlight><highlight class="keywordtype">id</highlight><highlight class="normal"><sp/>=</highlight><highlight class="stringliteral">&quot;feature&quot;</highlight><highlight class="normal"><sp/></highlight><highlight class="keyword">class</highlight><highlight class="normal">=</highlight><highlight class="stringliteral">&quot;section-padding<sp/>featureblock&quot;</highlight><highlight class="normal">&gt;</highlight></codeline>
<codeline lineno="125"><highlight class="normal"><sp/><sp/><sp/><sp/><sp/><sp/>&lt;div<sp/></highlight><highlight class="keyword">class</highlight><highlight class="normal">=</highlight><highlight class="stringliteral">&quot;container<sp/>&quot;</highlight><highlight class="normal">&gt;</highlight></codeline>
<codeline lineno="126"><highlight class="normal"><sp/><sp/><sp/><sp/><sp/><sp/><sp/><sp/>&lt;div<sp/></highlight><highlight class="keyword">class</highlight><highlight class="normal">=</highlight><highlight class="stringliteral">&quot;row&quot;</highlight><highlight class="normal">&gt;</highlight></codeline>
<codeline lineno="127"><highlight class="normal"><sp/><sp/><sp/><sp/><sp/><sp/><sp/><sp/><sp/><sp/>&lt;div<sp/></highlight><highlight class="keyword">class</highlight><highlight class="normal">=</highlight><highlight class="stringliteral">&quot;header-section<sp/>text-center&quot;</highlight><highlight class="normal">&gt;</highlight></codeline>
<codeline lineno="128"><highlight class="normal"><sp/><sp/><sp/><sp/><sp/><sp/><sp/><sp/><sp/><sp/><sp/><sp/>&lt;h2&gt;Features&lt;/h2&gt;</highlight></codeline>
<codeline lineno="129"><highlight class="normal"><sp/><sp/><sp/><sp/><sp/><sp/><sp/><sp/><sp/><sp/><sp/><sp/>&lt;hr<sp/></highlight><highlight class="keyword">class</highlight><highlight class="normal">=</highlight><highlight class="stringliteral">&quot;bottom-line&quot;</highlight><highlight class="normal">&gt;</highlight></codeline>
<codeline lineno="130"><highlight class="normal"><sp/><sp/><sp/><sp/><sp/><sp/><sp/><sp/><sp/><sp/>&lt;/div&gt;</highlight></codeline>
<codeline lineno="131"><highlight class="normal"><sp/><sp/><sp/><sp/><sp/><sp/><sp/><sp/><sp/><sp/>&lt;div<sp/></highlight><highlight class="keyword">class</highlight><highlight class="normal">=</highlight><highlight class="stringliteral">&quot;feature-info&quot;</highlight><highlight class="normal">&gt;</highlight></codeline>
<codeline lineno="132"><highlight class="normal"><sp/><sp/><sp/><sp/><sp/><sp/><sp/><sp/><sp/><sp/><sp/><sp/>&lt;div<sp/></highlight><highlight class="keyword">class</highlight><highlight class="normal">=</highlight><highlight class="stringliteral">&quot;fea&quot;</highlight><highlight class="normal">&gt;</highlight></codeline>
<codeline lineno="133"><highlight class="normal"><sp/><sp/><sp/><sp/><sp/><sp/><sp/><sp/><sp/><sp/><sp/><sp/><sp/><sp/>&lt;div<sp/></highlight><highlight class="keyword">class</highlight><highlight class="normal">=</highlight><highlight class="stringliteral">&quot;col-md-4&quot;</highlight><highlight class="normal">&gt;</highlight></codeline>
<codeline lineno="134"><highlight class="normal"><sp/><sp/><sp/><sp/><sp/><sp/><sp/><sp/><sp/><sp/><sp/><sp/><sp/><sp/><sp/><sp/>&lt;div<sp/></highlight><highlight class="keyword">class</highlight><highlight class="normal">=</highlight><highlight class="stringliteral">&quot;heading<sp/>pull-right&quot;</highlight><highlight class="normal">&gt;</highlight></codeline>
<codeline lineno="135"><highlight class="normal"><sp/><sp/><sp/><sp/><sp/><sp/><sp/><sp/><sp/><sp/><sp/><sp/><sp/><sp/><sp/><sp/><sp/><sp/>&lt;h4&gt;Medical<sp/>Support&lt;/h4&gt;</highlight></codeline>
<codeline lineno="136"><highlight class="normal"><sp/><sp/><sp/><sp/><sp/><sp/><sp/><sp/><sp/><sp/><sp/><sp/><sp/><sp/><sp/><sp/><sp/><sp/>&lt;p&gt;Find<sp/>nearest<sp/>hospital<sp/>to<sp/>your<sp/>location<sp/>and<sp/></highlight><highlight class="keyword">get</highlight><highlight class="normal"><sp/>access<sp/>to<sp/>their<sp/>HOTLINE!<sp/>Also<sp/></highlight><highlight class="keyword">get</highlight><highlight class="normal"><sp/>to<sp/>know<sp/>about<sp/>the<sp/>availability<sp/>of<sp/>desired<sp/>blood<sp/>group<sp/>and<sp/></highlight><highlight class="keywordflow">for</highlight><highlight class="normal"><sp/>emergency,<sp/>request<sp/>donors<sp/></highlight><highlight class="keywordflow">for</highlight><highlight class="normal"><sp/>blood.&lt;/p&gt;</highlight></codeline>
<codeline lineno="137"><highlight class="normal"><sp/><sp/><sp/><sp/><sp/><sp/><sp/><sp/><sp/><sp/><sp/><sp/><sp/><sp/><sp/><sp/>&lt;/div&gt;</highlight></codeline>
<codeline lineno="138"><highlight class="normal"><sp/><sp/><sp/><sp/><sp/><sp/><sp/><sp/><sp/><sp/><sp/><sp/><sp/><sp/><sp/><sp/>&lt;div<sp/></highlight><highlight class="keyword">class</highlight><highlight class="normal">=</highlight><highlight class="stringliteral">&quot;fea-img<sp/>pull-left&quot;</highlight><highlight class="normal">&gt;</highlight></codeline>
<codeline lineno="139"><highlight class="normal"><sp/><sp/><sp/><sp/><sp/><sp/><sp/><sp/><sp/><sp/><sp/><sp/><sp/><sp/><sp/><sp/><sp/><sp/>&lt;i<sp/></highlight><highlight class="keyword">class</highlight><highlight class="normal">=</highlight><highlight class="stringliteral">&quot;fa<sp/>fa-hospital-o&quot;</highlight><highlight class="normal"><sp/>aria-hidden=</highlight><highlight class="stringliteral">&quot;true&quot;</highlight><highlight class="normal">&gt;&lt;/i&gt;</highlight></codeline>
<codeline lineno="140"><highlight class="normal"><sp/><sp/><sp/><sp/><sp/><sp/><sp/><sp/><sp/><sp/><sp/><sp/><sp/><sp/><sp/><sp/>&lt;/div&gt;</highlight></codeline>
<codeline lineno="141"><highlight class="normal"><sp/><sp/><sp/><sp/><sp/><sp/><sp/><sp/><sp/><sp/><sp/><sp/><sp/><sp/>&lt;/div&gt;</highlight></codeline>
<codeline lineno="142"><highlight class="normal"><sp/><sp/><sp/><sp/><sp/><sp/><sp/><sp/><sp/><sp/><sp/><sp/>&lt;/div&gt;</highlight></codeline>
<codeline lineno="143"><highlight class="normal"><sp/><sp/><sp/><sp/><sp/><sp/><sp/><sp/><sp/><sp/><sp/><sp/>&lt;div<sp/></highlight><highlight class="keyword">class</highlight><highlight class="normal">=</highlight><highlight class="stringliteral">&quot;fea&quot;</highlight><highlight class="normal">&gt;</highlight></codeline>
<codeline lineno="144"><highlight class="normal"><sp/><sp/><sp/><sp/><sp/><sp/><sp/><sp/><sp/><sp/><sp/><sp/><sp/><sp/>&lt;div<sp/></highlight><highlight class="keyword">class</highlight><highlight class="normal">=</highlight><highlight class="stringliteral">&quot;col-md-4&quot;</highlight><highlight class="normal">&gt;</highlight></codeline>
<codeline lineno="145"><highlight class="normal"><sp/><sp/><sp/><sp/><sp/><sp/><sp/><sp/><sp/><sp/><sp/><sp/><sp/><sp/><sp/><sp/>&lt;div<sp/></highlight><highlight class="keyword">class</highlight><highlight class="normal">=</highlight><highlight class="stringliteral">&quot;heading<sp/>pull-right&quot;</highlight><highlight class="normal">&gt;</highlight></codeline>
<codeline lineno="146"><highlight class="normal"><sp/><sp/><sp/><sp/><sp/><sp/><sp/><sp/><sp/><sp/><sp/><sp/><sp/><sp/><sp/><sp/><sp/><sp/>&lt;h4&gt;Fire<sp/>Brigade&lt;/h4&gt;</highlight></codeline>
<codeline lineno="147"><highlight class="normal"><sp/><sp/><sp/><sp/><sp/><sp/><sp/><sp/><sp/><sp/><sp/><sp/><sp/><sp/><sp/><sp/><sp/><sp/>&lt;p&gt;Call<sp/>Fire<sp/>Brigade<sp/></highlight><highlight class="keywordflow">for</highlight><highlight class="normal"><sp/>urgent<sp/>help<sp/>nearest<sp/>to<sp/>your<sp/>doorsteps.&lt;/p&gt;</highlight></codeline>
<codeline lineno="148"><highlight class="normal"><sp/><sp/><sp/><sp/><sp/><sp/><sp/><sp/><sp/><sp/><sp/><sp/><sp/><sp/><sp/><sp/>&lt;/div&gt;</highlight></codeline>
<codeline lineno="149"><highlight class="normal"><sp/><sp/><sp/><sp/><sp/><sp/><sp/><sp/><sp/><sp/><sp/><sp/><sp/><sp/><sp/><sp/>&lt;div<sp/></highlight><highlight class="keyword">class</highlight><highlight class="normal">=</highlight><highlight class="stringliteral">&quot;fea-img<sp/>pull-left&quot;</highlight><highlight class="normal">&gt;</highlight></codeline>
<codeline lineno="150"><highlight class="normal"><sp/><sp/><sp/><sp/><sp/><sp/><sp/><sp/><sp/><sp/><sp/><sp/><sp/><sp/><sp/><sp/><sp/><sp/>&lt;i<sp/></highlight><highlight class="keyword">class</highlight><highlight class="normal">=</highlight><highlight class="stringliteral">&quot;fa<sp/>fa-fire-extinguisher&quot;</highlight><highlight class="normal"><sp/>aria-hidden=</highlight><highlight class="stringliteral">&quot;true&quot;</highlight><highlight class="normal">&gt;&lt;/i&gt;</highlight></codeline>
<codeline lineno="151"><highlight class="normal"><sp/><sp/><sp/><sp/><sp/><sp/><sp/><sp/><sp/><sp/><sp/><sp/><sp/><sp/><sp/><sp/>&lt;/div&gt;</highlight></codeline>
<codeline lineno="152"><highlight class="normal"><sp/><sp/><sp/><sp/><sp/><sp/><sp/><sp/><sp/><sp/><sp/><sp/><sp/><sp/>&lt;/div&gt;</highlight></codeline>
<codeline lineno="153"><highlight class="normal"><sp/><sp/><sp/><sp/><sp/><sp/><sp/><sp/><sp/><sp/><sp/><sp/>&lt;/div&gt;</highlight></codeline>
<codeline lineno="154"><highlight class="normal"><sp/><sp/><sp/><sp/><sp/><sp/><sp/><sp/><sp/><sp/><sp/><sp/>&lt;div<sp/></highlight><highlight class="keyword">class</highlight><highlight class="normal">=</highlight><highlight class="stringliteral">&quot;fea&quot;</highlight><highlight class="normal">&gt;</highlight></codeline>
<codeline lineno="155"><highlight class="normal"><sp/><sp/><sp/><sp/><sp/><sp/><sp/><sp/><sp/><sp/><sp/><sp/><sp/><sp/>&lt;div<sp/></highlight><highlight class="keyword">class</highlight><highlight class="normal">=</highlight><highlight class="stringliteral">&quot;col-md-4&quot;</highlight><highlight class="normal">&gt;</highlight></codeline>
<codeline lineno="156"><highlight class="normal"><sp/><sp/><sp/><sp/><sp/><sp/><sp/><sp/><sp/><sp/><sp/><sp/><sp/><sp/><sp/><sp/>&lt;div<sp/></highlight><highlight class="keyword">class</highlight><highlight class="normal">=</highlight><highlight class="stringliteral">&quot;heading<sp/>pull-right&quot;</highlight><highlight class="normal">&gt;</highlight></codeline>
<codeline lineno="157"><highlight class="normal"><sp/><sp/><sp/><sp/><sp/><sp/><sp/><sp/><sp/><sp/><sp/><sp/><sp/><sp/><sp/><sp/><sp/><sp/>&lt;h4&gt;Security<sp/>Service&lt;/h4&gt;</highlight></codeline>
<codeline lineno="158"><highlight class="normal"><sp/><sp/><sp/><sp/><sp/><sp/><sp/><sp/><sp/><sp/><sp/><sp/><sp/><sp/><sp/><sp/><sp/><sp/>&lt;p&gt;Get<sp/>immediate<sp/>support<sp/>from<sp/>your<sp/>nearest<sp/>security<sp/>services.&lt;/p&gt;</highlight></codeline>
<codeline lineno="159"><highlight class="normal"><sp/><sp/><sp/><sp/><sp/><sp/><sp/><sp/><sp/><sp/><sp/><sp/><sp/><sp/><sp/><sp/>&lt;/div&gt;</highlight></codeline>
<codeline lineno="160"><highlight class="normal"><sp/><sp/><sp/><sp/><sp/><sp/><sp/><sp/><sp/><sp/><sp/><sp/><sp/><sp/><sp/><sp/>&lt;div<sp/></highlight><highlight class="keyword">class</highlight><highlight class="normal">=</highlight><highlight class="stringliteral">&quot;fea-img<sp/>pull-left&quot;</highlight><highlight class="normal">&gt;</highlight></codeline>
<codeline lineno="161"><highlight class="normal"><sp/><sp/><sp/><sp/><sp/><sp/><sp/><sp/><sp/><sp/><sp/><sp/><sp/><sp/><sp/><sp/><sp/><sp/>&lt;i<sp/></highlight><highlight class="keyword">class</highlight><highlight class="normal">=</highlight><highlight class="stringliteral">&quot;fa<sp/>fa-shield&quot;</highlight><highlight class="normal"><sp/>aria-hidden=</highlight><highlight class="stringliteral">&quot;true&quot;</highlight><highlight class="normal">&gt;&lt;/i&gt;</highlight></codeline>
<codeline lineno="162"><highlight class="normal"><sp/><sp/><sp/><sp/><sp/><sp/><sp/><sp/><sp/><sp/><sp/><sp/><sp/><sp/><sp/><sp/>&lt;/div&gt;</highlight></codeline>
<codeline lineno="163"><highlight class="normal"><sp/><sp/><sp/><sp/><sp/><sp/><sp/><sp/><sp/><sp/><sp/><sp/><sp/><sp/>&lt;/div&gt;</highlight></codeline>
<codeline lineno="164"><highlight class="normal"><sp/><sp/><sp/><sp/><sp/><sp/><sp/><sp/><sp/><sp/><sp/><sp/>&lt;/div&gt;</highlight></codeline>
<codeline lineno="165"><highlight class="normal"><sp/><sp/><sp/><sp/><sp/><sp/><sp/><sp/>&lt;/div&gt;</highlight></codeline>
<codeline lineno="166"><highlight class="normal"><sp/><sp/><sp/><sp/><sp/><sp/><sp/><sp/>&lt;/div&gt;</highlight></codeline>
<codeline lineno="167"><highlight class="normal"><sp/><sp/><sp/><sp/><sp/><sp/>&lt;/div&gt;</highlight></codeline>
<codeline lineno="168"><highlight class="normal"><sp/><sp/><sp/><sp/>&lt;/section&gt;</highlight></codeline>
<codeline lineno="169"><highlight class="normal"><sp/><sp/><sp/><sp/>&lt;!--/<sp/>feature--&gt;</highlight></codeline>
<codeline lineno="170"><highlight class="normal"><sp/><sp/><sp/><sp/>&lt;!--Contact--&gt;</highlight></codeline>
<codeline lineno="171"><highlight class="normal"><sp/><sp/><sp/><sp/>&lt;section<sp/></highlight><highlight class="keywordtype">id</highlight><highlight class="normal"><sp/>=</highlight><highlight class="stringliteral">&quot;contact&quot;</highlight><highlight class="normal"><sp/></highlight><highlight class="keyword">class</highlight><highlight class="normal">=</highlight><highlight class="stringliteral">&quot;section-padding<sp/>worldmap&quot;</highlight><highlight class="normal">&gt;</highlight></codeline>
<codeline lineno="172"><highlight class="normal"><sp/><sp/><sp/><sp/><sp/><sp/>&lt;div<sp/></highlight><highlight class="keyword">class</highlight><highlight class="normal">=</highlight><highlight class="stringliteral">&quot;container&quot;</highlight><highlight class="normal">&gt;</highlight></codeline>
<codeline lineno="173"><highlight class="normal"><sp/><sp/><sp/><sp/><sp/><sp/><sp/><sp/>&lt;div<sp/></highlight><highlight class="keyword">class</highlight><highlight class="normal">=</highlight><highlight class="stringliteral">&quot;row&quot;</highlight><highlight class="normal">&gt;</highlight></codeline>
<codeline lineno="174"><highlight class="normal"><sp/><sp/><sp/><sp/><sp/><sp/><sp/><sp/><sp/><sp/>&lt;div<sp/></highlight><highlight class="keyword">class</highlight><highlight class="normal">=</highlight><highlight class="stringliteral">&quot;header-section<sp/>text-center&quot;</highlight><highlight class="normal">&gt;</highlight></codeline>
<codeline lineno="175"><highlight class="normal"><sp/><sp/><sp/><sp/><sp/><sp/><sp/><sp/><sp/><sp/><sp/><sp/>&lt;h2&gt;Contact<sp/>Us&lt;/h2&gt;</highlight></codeline>
<codeline lineno="176"><highlight class="normal"><sp/><sp/><sp/><sp/><sp/><sp/><sp/><sp/><sp/><sp/><sp/><sp/>&lt;p&gt;For<sp/>further<sp/>queries<sp/>mail<sp/>us<sp/>at<sp/>helplineplus@gmail.com.<sp/>We<sp/>are<sp/>eager<sp/>to<sp/>hear<sp/>from<sp/>you.&lt;/p&gt;</highlight></codeline>
<codeline lineno="177"><highlight class="normal"><sp/><sp/><sp/><sp/><sp/><sp/><sp/><sp/><sp/><sp/><sp/><sp/>&lt;hr<sp/></highlight><highlight class="keyword">class</highlight><highlight class="normal">=</highlight><highlight class="stringliteral">&quot;bottom-line&quot;</highlight><highlight class="normal">&gt;</highlight></codeline>
<codeline lineno="178"><highlight class="normal"><sp/><sp/><sp/><sp/><sp/><sp/><sp/><sp/><sp/><sp/>&lt;/div&gt;</highlight></codeline>
<codeline lineno="179"><highlight class="normal"><sp/><sp/><sp/><sp/><sp/><sp/><sp/><sp/><sp/><sp/>&lt;div<sp/></highlight><highlight class="keywordtype">id</highlight><highlight class="normal">=</highlight><highlight class="stringliteral">&quot;sendmessage&quot;</highlight><highlight class="normal">&gt;Your<sp/>message<sp/>has<sp/>been<sp/>sent.<sp/>Thank<sp/>you!&lt;/div&gt;</highlight></codeline>
<codeline lineno="180"><highlight class="normal"><sp/><sp/><sp/><sp/><sp/><sp/><sp/><sp/><sp/><sp/>&lt;div<sp/></highlight><highlight class="keywordtype">id</highlight><highlight class="normal">=</highlight><highlight class="stringliteral">&quot;errormessage&quot;</highlight><highlight class="normal">&gt;&lt;/div&gt;</highlight></codeline>
<codeline lineno="181"><highlight class="normal"><sp/><sp/><sp/><sp/><sp/><sp/><sp/><sp/><sp/><sp/>&lt;form<sp/>action=</highlight><highlight class="stringliteral">&quot;&quot;</highlight><highlight class="normal"><sp/>method=</highlight><highlight class="stringliteral">&quot;post&quot;</highlight><highlight class="normal"><sp/>role=</highlight><highlight class="stringliteral">&quot;form&quot;</highlight><highlight class="normal"><sp/></highlight><highlight class="keyword">class</highlight><highlight class="normal">=</highlight><highlight class="stringliteral">&quot;contactForm&quot;</highlight><highlight class="normal">&gt;</highlight></codeline>
<codeline lineno="182"><highlight class="normal"><sp/><sp/><sp/><sp/><sp/><sp/><sp/><sp/><sp/><sp/><sp/><sp/><sp/><sp/>&lt;div<sp/></highlight><highlight class="keyword">class</highlight><highlight class="normal">=</highlight><highlight class="stringliteral">&quot;col-md-6<sp/>col-sm-6<sp/>col-xs-12<sp/>left&quot;</highlight><highlight class="normal">&gt;</highlight></codeline>
<codeline lineno="183"><highlight class="normal"><sp/><sp/><sp/><sp/><sp/><sp/><sp/><sp/><sp/><sp/><sp/><sp/><sp/><sp/><sp/><sp/>&lt;div<sp/></highlight><highlight class="keyword">class</highlight><highlight class="normal">=</highlight><highlight class="stringliteral">&quot;form-group&quot;</highlight><highlight class="normal">&gt;</highlight></codeline>
<codeline lineno="184"><highlight class="normal"><sp/><sp/><sp/><sp/><sp/><sp/><sp/><sp/><sp/><sp/><sp/><sp/><sp/><sp/><sp/><sp/><sp/><sp/><sp/><sp/>&lt;input<sp/>type=</highlight><highlight class="stringliteral">&quot;text&quot;</highlight><highlight class="normal"><sp/>name=</highlight><highlight class="stringliteral">&quot;name&quot;</highlight><highlight class="normal"><sp/></highlight><highlight class="keyword">class</highlight><highlight class="normal">=</highlight><highlight class="stringliteral">&quot;form-control<sp/>form&quot;</highlight><highlight class="normal"><sp/></highlight><highlight class="keywordtype">id</highlight><highlight class="normal">=</highlight><highlight class="stringliteral">&quot;name&quot;</highlight><highlight class="normal"><sp/>placeholder=</highlight><highlight class="stringliteral">&quot;Your<sp/>Name&quot;</highlight><highlight class="normal"><sp/>data-rule=</highlight><highlight class="stringliteral">&quot;minlen:4&quot;</highlight><highlight class="normal"><sp/>data-msg=</highlight><highlight class="stringliteral">&quot;Please<sp/>enter<sp/>at<sp/>least<sp/>4<sp/>chars&quot;</highlight><highlight class="normal"><sp/>/&gt;</highlight></codeline>
<codeline lineno="185"><highlight class="normal"><sp/><sp/><sp/><sp/><sp/><sp/><sp/><sp/><sp/><sp/><sp/><sp/><sp/><sp/><sp/><sp/><sp/><sp/><sp/><sp/>&lt;div<sp/></highlight><highlight class="keyword">class</highlight><highlight class="normal">=</highlight><highlight class="stringliteral">&quot;validation&quot;</highlight><highlight class="normal">&gt;&lt;/div&gt;</highlight></codeline>
<codeline lineno="186"><highlight class="normal"><sp/><sp/><sp/><sp/><sp/><sp/><sp/><sp/><sp/><sp/><sp/><sp/><sp/><sp/><sp/><sp/>&lt;/div&gt;</highlight></codeline>
<codeline lineno="187"><highlight class="normal"><sp/><sp/><sp/><sp/><sp/><sp/><sp/><sp/><sp/><sp/><sp/><sp/><sp/><sp/><sp/><sp/>&lt;div<sp/></highlight><highlight class="keyword">class</highlight><highlight class="normal">=</highlight><highlight class="stringliteral">&quot;form-group&quot;</highlight><highlight class="normal">&gt;</highlight></codeline>
<codeline lineno="188"><highlight class="normal"><sp/><sp/><sp/><sp/><sp/><sp/><sp/><sp/><sp/><sp/><sp/><sp/><sp/><sp/><sp/><sp/><sp/><sp/><sp/><sp/>&lt;input<sp/>type=</highlight><highlight class="stringliteral">&quot;email&quot;</highlight><highlight class="normal"><sp/></highlight><highlight class="keyword">class</highlight><highlight class="normal">=</highlight><highlight class="stringliteral">&quot;form-control&quot;</highlight><highlight class="normal"><sp/>name=</highlight><highlight class="stringliteral">&quot;email&quot;</highlight><highlight class="normal"><sp/></highlight><highlight class="keywordtype">id</highlight><highlight class="normal">=</highlight><highlight class="stringliteral">&quot;email&quot;</highlight><highlight class="normal"><sp/>placeholder=</highlight><highlight class="stringliteral">&quot;Your<sp/>Email&quot;</highlight><highlight class="normal"><sp/>data-rule=</highlight><highlight class="stringliteral">&quot;email&quot;</highlight><highlight class="normal"><sp/>data-msg=</highlight><highlight class="stringliteral">&quot;Please<sp/>enter<sp/>a<sp/>valid<sp/>email&quot;</highlight><highlight class="normal"><sp/>/&gt;</highlight></codeline>
<codeline lineno="189"><highlight class="normal"><sp/><sp/><sp/><sp/><sp/><sp/><sp/><sp/><sp/><sp/><sp/><sp/><sp/><sp/><sp/><sp/><sp/><sp/><sp/><sp/>&lt;div<sp/></highlight><highlight class="keyword">class</highlight><highlight class="normal">=</highlight><highlight class="stringliteral">&quot;validation&quot;</highlight><highlight class="normal">&gt;&lt;/div&gt;</highlight></codeline>
<codeline lineno="190"><highlight class="normal"><sp/><sp/><sp/><sp/><sp/><sp/><sp/><sp/><sp/><sp/><sp/><sp/><sp/><sp/><sp/><sp/>&lt;/div&gt;</highlight></codeline>
<codeline lineno="191"><highlight class="normal"><sp/><sp/><sp/><sp/><sp/><sp/><sp/><sp/><sp/><sp/><sp/><sp/><sp/><sp/><sp/><sp/>&lt;div<sp/></highlight><highlight class="keyword">class</highlight><highlight class="normal">=</highlight><highlight class="stringliteral">&quot;form-group&quot;</highlight><highlight class="normal">&gt;</highlight></codeline>
<codeline lineno="192"><highlight class="normal"><sp/><sp/><sp/><sp/><sp/><sp/><sp/><sp/><sp/><sp/><sp/><sp/><sp/><sp/><sp/><sp/><sp/><sp/><sp/><sp/>&lt;input<sp/>type=</highlight><highlight class="stringliteral">&quot;text&quot;</highlight><highlight class="normal"><sp/></highlight><highlight class="keyword">class</highlight><highlight class="normal">=</highlight><highlight class="stringliteral">&quot;form-control&quot;</highlight><highlight class="normal"><sp/>name=</highlight><highlight class="stringliteral">&quot;subject&quot;</highlight><highlight class="normal"><sp/></highlight><highlight class="keywordtype">id</highlight><highlight class="normal">=</highlight><highlight class="stringliteral">&quot;subject&quot;</highlight><highlight class="normal"><sp/>placeholder=</highlight><highlight class="stringliteral">&quot;Subject&quot;</highlight><highlight class="normal"><sp/>data-rule=</highlight><highlight class="stringliteral">&quot;minlen:4&quot;</highlight><highlight class="normal"><sp/>data-msg=</highlight><highlight class="stringliteral">&quot;Please<sp/>enter<sp/>at<sp/>least<sp/>8<sp/>chars<sp/>of<sp/>subject&quot;</highlight><highlight class="normal"><sp/>/&gt;</highlight></codeline>
<codeline lineno="193"><highlight class="normal"><sp/><sp/><sp/><sp/><sp/><sp/><sp/><sp/><sp/><sp/><sp/><sp/><sp/><sp/><sp/><sp/><sp/><sp/><sp/><sp/>&lt;div<sp/></highlight><highlight class="keyword">class</highlight><highlight class="normal">=</highlight><highlight class="stringliteral">&quot;validation&quot;</highlight><highlight class="normal">&gt;&lt;/div&gt;</highlight></codeline>
<codeline lineno="194"><highlight class="normal"><sp/><sp/><sp/><sp/><sp/><sp/><sp/><sp/><sp/><sp/><sp/><sp/><sp/><sp/><sp/><sp/>&lt;/div&gt;</highlight></codeline>
<codeline lineno="195"><highlight class="normal"><sp/><sp/><sp/><sp/><sp/><sp/><sp/><sp/><sp/><sp/><sp/><sp/><sp/><sp/>&lt;/div&gt;</highlight></codeline>
<codeline lineno="196"><highlight class="normal"><sp/><sp/><sp/><sp/><sp/><sp/><sp/><sp/><sp/><sp/><sp/><sp/><sp/><sp/></highlight></codeline>
<codeline lineno="197"><highlight class="normal"><sp/><sp/><sp/><sp/><sp/><sp/><sp/><sp/><sp/><sp/><sp/><sp/><sp/><sp/>&lt;div<sp/></highlight><highlight class="keyword">class</highlight><highlight class="normal">=</highlight><highlight class="stringliteral">&quot;col-md-6<sp/>col-sm-6<sp/>col-xs-12<sp/>right&quot;</highlight><highlight class="normal">&gt;</highlight></codeline>
<codeline lineno="198"><highlight class="normal"><sp/><sp/><sp/><sp/><sp/><sp/><sp/><sp/><sp/><sp/><sp/><sp/><sp/><sp/><sp/><sp/>&lt;div<sp/></highlight><highlight class="keyword">class</highlight><highlight class="normal">=</highlight><highlight class="stringliteral">&quot;form-group&quot;</highlight><highlight class="normal">&gt;</highlight></codeline>
<codeline lineno="199"><highlight class="normal"><sp/><sp/><sp/><sp/><sp/><sp/><sp/><sp/><sp/><sp/><sp/><sp/><sp/><sp/><sp/><sp/><sp/><sp/><sp/><sp/>&lt;textarea<sp/></highlight><highlight class="keyword">class</highlight><highlight class="normal">=</highlight><highlight class="stringliteral">&quot;form-control&quot;</highlight><highlight class="normal"><sp/>name=</highlight><highlight class="stringliteral">&quot;message&quot;</highlight><highlight class="normal"><sp/>rows=</highlight><highlight class="stringliteral">&quot;5&quot;</highlight><highlight class="normal"><sp/>data-rule=</highlight><highlight class="stringliteral">&quot;required&quot;</highlight><highlight class="normal"><sp/>data-msg=</highlight><highlight class="stringliteral">&quot;Please<sp/>write<sp/>something<sp/>for<sp/>us&quot;</highlight><highlight class="normal"><sp/>placeholder=</highlight><highlight class="stringliteral">&quot;Message&quot;</highlight><highlight class="normal">&gt;&lt;/textarea&gt;</highlight></codeline>
<codeline lineno="200"><highlight class="normal"><sp/><sp/><sp/><sp/><sp/><sp/><sp/><sp/><sp/><sp/><sp/><sp/><sp/><sp/><sp/><sp/><sp/><sp/><sp/><sp/>&lt;div<sp/></highlight><highlight class="keyword">class</highlight><highlight class="normal">=</highlight><highlight class="stringliteral">&quot;validation&quot;</highlight><highlight class="normal">&gt;&lt;/div&gt;</highlight></codeline>
<codeline lineno="201"><highlight class="normal"><sp/><sp/><sp/><sp/><sp/><sp/><sp/><sp/><sp/><sp/><sp/><sp/><sp/><sp/><sp/><sp/>&lt;/div&gt;</highlight></codeline>
<codeline lineno="202"><highlight class="normal"><sp/><sp/><sp/><sp/><sp/><sp/><sp/><sp/><sp/><sp/><sp/><sp/><sp/><sp/>&lt;/div&gt;</highlight></codeline>
<codeline lineno="203"><highlight class="normal"><sp/><sp/><sp/><sp/><sp/><sp/><sp/><sp/><sp/><sp/><sp/><sp/><sp/><sp/></highlight></codeline>
<codeline lineno="204"><highlight class="normal"><sp/><sp/><sp/><sp/><sp/><sp/><sp/><sp/><sp/><sp/><sp/><sp/><sp/><sp/>&lt;div<sp/></highlight><highlight class="keyword">class</highlight><highlight class="normal">=</highlight><highlight class="stringliteral">&quot;col-xs-12&quot;</highlight><highlight class="normal">&gt;</highlight></codeline>
<codeline lineno="205"><highlight class="normal"><sp/><sp/><sp/><sp/><sp/><sp/><sp/><sp/><sp/><sp/><sp/><sp/><sp/><sp/><sp/><sp/>&lt;!--<sp/>Button<sp/>--&gt;</highlight></codeline>
<codeline lineno="206"><highlight class="normal"><sp/><sp/><sp/><sp/><sp/><sp/><sp/><sp/><sp/><sp/><sp/><sp/><sp/><sp/><sp/><sp/>&lt;button<sp/>type=</highlight><highlight class="stringliteral">&quot;submit&quot;</highlight><highlight class="normal"><sp/></highlight><highlight class="keywordtype">id</highlight><highlight class="normal">=</highlight><highlight class="stringliteral">&quot;submit&quot;</highlight><highlight class="normal"><sp/>name=</highlight><highlight class="stringliteral">&quot;submit&quot;</highlight><highlight class="normal"><sp/></highlight><highlight class="keyword">class</highlight><highlight class="normal">=</highlight><highlight class="stringliteral">&quot;form<sp/>contact-form-button<sp/>light-form-button<sp/>oswald<sp/>light&quot;</highlight><highlight class="normal">&gt;SEND<sp/>EMAIL&lt;/button&gt;</highlight></codeline>
<codeline lineno="207"><highlight class="normal"><sp/><sp/><sp/><sp/><sp/><sp/><sp/><sp/><sp/><sp/><sp/><sp/><sp/><sp/>&lt;/div&gt;</highlight></codeline>
<codeline lineno="208"><highlight class="normal"><sp/><sp/><sp/><sp/><sp/><sp/><sp/><sp/><sp/><sp/>&lt;/form&gt;</highlight></codeline>
<codeline lineno="209"><highlight class="normal"><sp/><sp/><sp/><sp/><sp/><sp/><sp/><sp/><sp/><sp/></highlight></codeline>
<codeline lineno="210"><highlight class="normal"><sp/><sp/><sp/><sp/><sp/><sp/><sp/><sp/>&lt;/div&gt;</highlight></codeline>
<codeline lineno="211"><highlight class="normal"><sp/><sp/><sp/><sp/><sp/><sp/>&lt;/div&gt;</highlight></codeline>
<codeline lineno="212"><highlight class="normal"><sp/><sp/><sp/><sp/>&lt;/section&gt;</highlight></codeline>
<codeline lineno="213"><highlight class="normal"><sp/><sp/><sp/><sp/>&lt;!--/<sp/>Contact--&gt;</highlight></codeline>
<codeline lineno="214"><highlight class="normal"><sp/><sp/><sp/><sp/>&lt;!--Footer--&gt;</highlight></codeline>
<codeline lineno="215"><highlight class="normal"><sp/><sp/><sp/><sp/>&lt;footer<sp/></highlight><highlight class="keywordtype">id</highlight><highlight class="normal">=</highlight><highlight class="stringliteral">&quot;footer&quot;</highlight><highlight class="normal"><sp/></highlight><highlight class="keyword">class</highlight><highlight class="normal">=</highlight><highlight class="stringliteral">&quot;footer&quot;</highlight><highlight class="normal">&gt;</highlight></codeline>
<codeline lineno="216"><highlight class="normal"><sp/><sp/><sp/><sp/><sp/><sp/>&lt;div<sp/></highlight><highlight class="keyword">class</highlight><highlight class="normal">=</highlight><highlight class="stringliteral">&quot;container<sp/>text-center&quot;</highlight><highlight class="normal">&gt;</highlight></codeline>
<codeline lineno="217"><highlight class="normal"><sp/><sp/><sp/><sp/></highlight></codeline>
<codeline lineno="218"><highlight class="normal"><sp/><sp/><sp/><sp/><sp/><sp/>&lt;ul<sp/></highlight><highlight class="keyword">class</highlight><highlight class="normal">=</highlight><highlight class="stringliteral">&quot;social-links&quot;</highlight><highlight class="normal">&gt;</highlight></codeline>
<codeline lineno="219"><highlight class="normal"><sp/><sp/><sp/><sp/><sp/><sp/><sp/><sp/>&lt;li&gt;&lt;a<sp/>href=</highlight><highlight class="stringliteral">&quot;#link&quot;</highlight><highlight class="normal">&gt;&lt;i<sp/></highlight><highlight class="keyword">class</highlight><highlight class="normal">=</highlight><highlight class="stringliteral">&quot;fa<sp/>fa-twitter<sp/>fa-fw&quot;</highlight><highlight class="normal">&gt;&lt;/i&gt;&lt;/a&gt;&lt;/li&gt;</highlight></codeline>
<codeline lineno="220"><highlight class="normal"><sp/><sp/><sp/><sp/><sp/><sp/><sp/><sp/>&lt;li&gt;&lt;a<sp/>href=</highlight><highlight class="stringliteral">&quot;#link&quot;</highlight><highlight class="normal">&gt;&lt;i<sp/></highlight><highlight class="keyword">class</highlight><highlight class="normal">=</highlight><highlight class="stringliteral">&quot;fa<sp/>fa-facebook<sp/>fa-fw&quot;</highlight><highlight class="normal">&gt;&lt;/i&gt;&lt;/a&gt;&lt;/li&gt;</highlight></codeline>
<codeline lineno="221"><highlight class="normal"><sp/><sp/><sp/><sp/><sp/><sp/><sp/><sp/>&lt;li&gt;&lt;a<sp/>href=</highlight><highlight class="stringliteral">&quot;#link&quot;</highlight><highlight class="normal">&gt;&lt;i<sp/></highlight><highlight class="keyword">class</highlight><highlight class="normal">=</highlight><highlight class="stringliteral">&quot;fa<sp/>fa-google-plus<sp/>fa-fw&quot;</highlight><highlight class="normal">&gt;&lt;/i&gt;&lt;/a&gt;&lt;/li&gt;</highlight></codeline>
<codeline lineno="222"><highlight class="normal"><sp/><sp/><sp/><sp/><sp/><sp/><sp/><sp/>&lt;li&gt;&lt;a<sp/>href=</highlight><highlight class="stringliteral">&quot;#link&quot;</highlight><highlight class="normal">&gt;&lt;i<sp/></highlight><highlight class="keyword">class</highlight><highlight class="normal">=</highlight><highlight class="stringliteral">&quot;fa<sp/>fa-dribbble<sp/>fa-fw&quot;</highlight><highlight class="normal">&gt;&lt;/i&gt;&lt;/a&gt;&lt;/li&gt;</highlight></codeline>
<codeline lineno="223"><highlight class="normal"><sp/><sp/><sp/><sp/><sp/><sp/><sp/><sp/>&lt;li&gt;&lt;a<sp/>href=</highlight><highlight class="stringliteral">&quot;#link&quot;</highlight><highlight class="normal">&gt;&lt;i<sp/></highlight><highlight class="keyword">class</highlight><highlight class="normal">=</highlight><highlight class="stringliteral">&quot;fa<sp/>fa-linkedin<sp/>fa-fw&quot;</highlight><highlight class="normal">&gt;&lt;/i&gt;&lt;/a&gt;&lt;/li&gt;</highlight></codeline>
<codeline lineno="224"><highlight class="normal"><sp/><sp/><sp/><sp/><sp/><sp/>&lt;/ul&gt;</highlight></codeline>
<codeline lineno="225"><highlight class="normal"><sp/><sp/><sp/><sp/><sp/><sp/><sp/><sp/>©All<sp/>rights<sp/>reserved<sp/>by<sp/>Helpline<sp/>Plus</highlight></codeline>
<codeline lineno="226"><highlight class="normal"><sp/><sp/><sp/><sp/><sp/><sp/><sp/><sp/>&lt;div<sp/></highlight><highlight class="keyword">class</highlight><highlight class="normal">=</highlight><highlight class="stringliteral">&quot;credits&quot;</highlight><highlight class="normal">&gt;</highlight></codeline>
<codeline lineno="227"><highlight class="normal"><sp/><sp/><sp/><sp/><sp/><sp/><sp/><sp/><sp/><sp/><sp/><sp/>&lt;!--<sp/></highlight></codeline>
<codeline lineno="228"><highlight class="normal"><sp/><sp/><sp/><sp/><sp/><sp/><sp/><sp/><sp/><sp/><sp/><sp/><sp/><sp/><sp/><sp/>All<sp/>the<sp/>links<sp/>in<sp/>the<sp/>footer<sp/>should<sp/>remain<sp/>intact.<sp/></highlight></codeline>
<codeline lineno="229"><highlight class="normal"><sp/><sp/><sp/><sp/><sp/><sp/><sp/><sp/><sp/><sp/><sp/><sp/><sp/><sp/><sp/><sp/>You<sp/>can<sp/></highlight><highlight class="keyword">delete</highlight><highlight class="normal"><sp/>the<sp/>links<sp/>only<sp/></highlight><highlight class="keywordflow">if</highlight><highlight class="normal"><sp/>you<sp/>purchased<sp/>the<sp/>pro<sp/>version.</highlight></codeline>
<codeline lineno="230"><highlight class="normal"><sp/><sp/><sp/><sp/><sp/><sp/><sp/><sp/><sp/><sp/><sp/><sp/><sp/><sp/><sp/><sp/>Licensing<sp/>information:<sp/>https:</highlight><highlight class="comment">//bootstrapmade.com/license/</highlight><highlight class="normal"></highlight></codeline>
<codeline lineno="231"><highlight class="normal"><sp/><sp/><sp/><sp/><sp/><sp/><sp/><sp/><sp/><sp/><sp/><sp/><sp/><sp/><sp/><sp/>Purchase<sp/>the<sp/>pro<sp/>version<sp/>with<sp/>working<sp/>PHP/AJAX<sp/>contact<sp/>form:<sp/>https:</highlight><highlight class="comment">//bootstrapmade.com/buy/?theme=Mentor</highlight><highlight class="normal"></highlight></codeline>
<codeline lineno="232"><highlight class="normal"><sp/><sp/><sp/><sp/><sp/><sp/><sp/><sp/><sp/><sp/><sp/><sp/>--&gt;</highlight></codeline>
<codeline lineno="233"><highlight class="normal"><sp/><sp/><sp/><sp/><sp/><sp/><sp/><sp/><sp/><sp/><sp/><sp/><sp/>&lt;/div&gt;</highlight></codeline>
<codeline lineno="234"><highlight class="normal"><sp/><sp/><sp/><sp/><sp/><sp/>&lt;/div&gt;</highlight></codeline>
<codeline lineno="235"><highlight class="normal"><sp/><sp/><sp/><sp/>&lt;/footer&gt;</highlight></codeline>
<codeline lineno="236"><highlight class="normal"><sp/><sp/><sp/><sp/>&lt;!--/<sp/>Footer--&gt;</highlight></codeline>
<codeline lineno="237"><highlight class="normal"><sp/><sp/><sp/><sp/></highlight></codeline>
<codeline lineno="238"><highlight class="normal"><sp/><sp/><sp/><sp/>&lt;script<sp/>src=</highlight><highlight class="stringliteral">&quot;js/jquery.min.js&quot;</highlight><highlight class="normal">&gt;&lt;/script&gt;</highlight></codeline>
<codeline lineno="239"><highlight class="normal"><sp/><sp/><sp/><sp/>&lt;script<sp/>src=</highlight><highlight class="stringliteral">&quot;js/jquery.easing.min.js&quot;</highlight><highlight class="normal">&gt;&lt;/script&gt;</highlight></codeline>
<codeline lineno="240"><highlight class="normal"><sp/><sp/><sp/><sp/>&lt;script<sp/>src=</highlight><highlight class="stringliteral">&quot;js/bootstrap.min.js&quot;</highlight><highlight class="normal">&gt;&lt;/script&gt;</highlight></codeline>
<codeline lineno="241"><highlight class="normal"><sp/><sp/><sp/><sp/>&lt;script<sp/>src=</highlight><highlight class="stringliteral">&quot;js/custom.js&quot;</highlight><highlight class="normal">&gt;&lt;/script&gt;</highlight></codeline>
<codeline lineno="242"><highlight class="normal"><sp/><sp/><sp/><sp/>&lt;script<sp/>src=</highlight><highlight class="stringliteral">&quot;contactform/contactform.js&quot;</highlight><highlight class="normal">&gt;&lt;/script&gt;</highlight></codeline>
<codeline lineno="243"><highlight class="normal"><sp/><sp/><sp/><sp/></highlight></codeline>
<codeline lineno="244"><highlight class="normal"><sp/><sp/>&lt;/body&gt;</highlight></codeline>
<codeline lineno="245"><highlight class="normal">&lt;/html&gt;</highlight></codeline>
    </programlisting>
    <location file="index.php"/>
  </compounddef>
</doxygen>
