<?xml version='1.0' encoding='UTF-8' standalone='no'?>
<doxygen xmlns:xsi="http://www.w3.org/2001/XMLSchema-instance" xsi:noNamespaceSchemaLocation="compound.xsd" version="1.8.16">
  <compounddef id="md__r_e_a_d_m_e" kind="page">
    <compoundname>md_README</compoundname>
    <title>HelpLine_plus</title>
    <briefdescription>
    </briefdescription>
    <detaileddescription>
<para>&lt;p1&gt; A simple website with raw php &lt;/p1&gt; </para>
    </detaileddescription>
  </compounddef>
</doxygen>
