<?xml version='1.0' encoding='UTF-8' standalone='no'?>
<doxygen xmlns:xsi="http://www.w3.org/2001/XMLSchema-instance" xsi:noNamespaceSchemaLocation="compound.xsd" version="1.8.16">
  <compounddef id="register_8php" kind="file" language="PHP">
    <compoundname>register.php</compoundname>
      <sectiondef kind="var">
      <memberdef kind="variable" id="register_8php_1a1fa3127fc82f96b1436d871ef02be319" prot="public" static="no" mutable="no">
        <type></type>
        <definition>$db</definition>
        <argsstring></argsstring>
        <name>$db</name>
        <initializer>= new DB()</initializer>
        <briefdescription>
        </briefdescription>
        <detaileddescription>
        </detaileddescription>
        <inbodydescription>
        </inbodydescription>
        <location file="register.php" line="4" column="1" bodyfile="register.php" bodystart="4" bodyend="-1"/>
      </memberdef>
      <memberdef kind="variable" id="register_8php_1acf5d6dd3ee125abb9a2523b30bc47d02" prot="public" static="no" mutable="no">
        <type></type>
        <definition>$flag</definition>
        <argsstring></argsstring>
        <name>$flag</name>
        <initializer>= 0</initializer>
        <briefdescription>
        </briefdescription>
        <detaileddescription>
        </detaileddescription>
        <inbodydescription>
        </inbodydescription>
        <location file="register.php" line="6" column="1" bodyfile="register.php" bodystart="6" bodyend="-1"/>
      </memberdef>
      <memberdef kind="variable" id="register_8php_1a0d1b7ba88b0f4705c67fcbd4c38c9c5c" prot="public" static="no" mutable="no">
        <type></type>
        <definition>if(isset($_POST[&apos;register&apos;]))</definition>
        <argsstring>(isset( $_POST[ &apos;register&apos;]))</argsstring>
        <name>if</name>
        <briefdescription>
        </briefdescription>
        <detaileddescription>
        </detaileddescription>
        <inbodydescription>
        </inbodydescription>
        <location file="register.php" line="8" column="1" bodyfile="register.php" bodystart="8" bodyend="-1"/>
      </memberdef>
      </sectiondef>
    <briefdescription>
    </briefdescription>
    <detaileddescription>
    </detaileddescription>
    <programlisting>
<codeline lineno="1"><highlight class="normal">&lt;?php</highlight></codeline>
<codeline lineno="2"><highlight class="normal">require<sp/></highlight><highlight class="stringliteral">&apos;functions/DB.php&apos;</highlight><highlight class="normal">;</highlight></codeline>
<codeline lineno="3"><highlight class="normal"></highlight></codeline>
<codeline lineno="4"><highlight class="normal">$db<sp/>=<sp/></highlight><highlight class="keyword">new</highlight><highlight class="normal"><sp/>DB();</highlight></codeline>
<codeline lineno="5"><highlight class="normal"></highlight></codeline>
<codeline lineno="6"><highlight class="normal">$flag<sp/>=<sp/>0;</highlight></codeline>
<codeline lineno="7"><highlight class="normal"></highlight></codeline>
<codeline lineno="8"><highlight class="normal"></highlight><highlight class="keywordflow">if</highlight><highlight class="normal"><sp/>(isset($_POST[</highlight><highlight class="stringliteral">&apos;register&apos;</highlight><highlight class="normal">]))<sp/>{</highlight></codeline>
<codeline lineno="9"><highlight class="normal"></highlight></codeline>
<codeline lineno="10"><highlight class="normal"><sp/><sp/><sp/><sp/></highlight><highlight class="keywordflow">if</highlight><highlight class="normal"><sp/>(!empty($_FILES))<sp/>{</highlight></codeline>
<codeline lineno="11"><highlight class="normal"></highlight></codeline>
<codeline lineno="12"><highlight class="normal"><sp/><sp/><sp/><sp/><sp/><sp/><sp/><sp/>$res<sp/>=<sp/>$db-&gt;uploadImage($_FILES,<sp/></highlight><highlight class="stringliteral">&quot;image&quot;</highlight><highlight class="normal">);</highlight></codeline>
<codeline lineno="13"><highlight class="normal"></highlight></codeline>
<codeline lineno="14"><highlight class="normal"><sp/><sp/><sp/><sp/><sp/><sp/><sp/><sp/></highlight><highlight class="keywordflow">if</highlight><highlight class="normal"><sp/>($res<sp/>!==<sp/></highlight><highlight class="stringliteral">&quot;&quot;</highlight><highlight class="normal">)<sp/>{</highlight></codeline>
<codeline lineno="15"><highlight class="normal"></highlight></codeline>
<codeline lineno="16"><highlight class="normal"><sp/><sp/><sp/><sp/><sp/><sp/><sp/><sp/><sp/><sp/><sp/><sp/>$details[</highlight><highlight class="stringliteral">&apos;email&apos;</highlight><highlight class="normal">]<sp/>=<sp/>htmlspecialchars($_POST[</highlight><highlight class="stringliteral">&apos;email&apos;</highlight><highlight class="normal">]);</highlight></codeline>
<codeline lineno="17"><highlight class="normal"></highlight></codeline>
<codeline lineno="18"><highlight class="normal"><sp/><sp/><sp/><sp/><sp/><sp/><sp/><sp/><sp/><sp/><sp/><sp/>$pass<sp/>=<sp/>htmlspecialchars($_POST[</highlight><highlight class="stringliteral">&apos;pass&apos;</highlight><highlight class="normal">]);</highlight></codeline>
<codeline lineno="19"><highlight class="normal"><sp/><sp/><sp/><sp/><sp/><sp/><sp/><sp/><sp/><sp/><sp/><sp/>$conf_pass<sp/>=<sp/>htmlspecialchars($_POST[</highlight><highlight class="stringliteral">&apos;conf_pass&apos;</highlight><highlight class="normal">]);</highlight></codeline>
<codeline lineno="20"><highlight class="normal"></highlight></codeline>
<codeline lineno="21"><highlight class="normal"><sp/><sp/><sp/><sp/><sp/><sp/><sp/><sp/><sp/><sp/><sp/><sp/>$details[</highlight><highlight class="stringliteral">&apos;fName&apos;</highlight><highlight class="normal">]<sp/>=<sp/>htmlspecialchars($_POST[</highlight><highlight class="stringliteral">&apos;fname&apos;</highlight><highlight class="normal">]);</highlight></codeline>
<codeline lineno="22"><highlight class="normal"><sp/><sp/><sp/><sp/><sp/><sp/><sp/><sp/><sp/><sp/><sp/><sp/>$details[</highlight><highlight class="stringliteral">&apos;lName&apos;</highlight><highlight class="normal">]<sp/>=<sp/>htmlspecialchars($_POST[</highlight><highlight class="stringliteral">&apos;lname&apos;</highlight><highlight class="normal">]);</highlight></codeline>
<codeline lineno="23"><highlight class="normal"><sp/><sp/><sp/><sp/><sp/><sp/><sp/><sp/><sp/><sp/><sp/><sp/>$details[</highlight><highlight class="stringliteral">&apos;number&apos;</highlight><highlight class="normal">]<sp/>=<sp/>htmlspecialchars($_POST[</highlight><highlight class="stringliteral">&apos;mobile_number&apos;</highlight><highlight class="normal">]);</highlight></codeline>
<codeline lineno="24"><highlight class="normal"><sp/><sp/><sp/><sp/><sp/><sp/><sp/><sp/><sp/><sp/><sp/><sp/>$details[</highlight><highlight class="stringliteral">&apos;house&apos;</highlight><highlight class="normal">]<sp/>=<sp/>htmlspecialchars($_POST[</highlight><highlight class="stringliteral">&apos;house&apos;</highlight><highlight class="normal">]);</highlight></codeline>
<codeline lineno="25"><highlight class="normal"><sp/><sp/><sp/><sp/><sp/><sp/><sp/><sp/><sp/><sp/><sp/><sp/>$details[</highlight><highlight class="stringliteral">&apos;road&apos;</highlight><highlight class="normal">]<sp/>=<sp/>htmlspecialchars($_POST[</highlight><highlight class="stringliteral">&apos;road&apos;</highlight><highlight class="normal">]);</highlight></codeline>
<codeline lineno="26"><highlight class="normal"><sp/><sp/><sp/><sp/><sp/><sp/><sp/><sp/><sp/><sp/><sp/><sp/>$details[</highlight><highlight class="stringliteral">&apos;area&apos;</highlight><highlight class="normal">]<sp/>=<sp/>htmlspecialchars($_POST[</highlight><highlight class="stringliteral">&apos;area_name&apos;</highlight><highlight class="normal">]);</highlight></codeline>
<codeline lineno="27"><highlight class="normal"><sp/><sp/><sp/><sp/><sp/><sp/><sp/><sp/><sp/><sp/><sp/><sp/>$details[</highlight><highlight class="stringliteral">&apos;city&apos;</highlight><highlight class="normal">]<sp/>=<sp/>htmlspecialchars($_POST[</highlight><highlight class="stringliteral">&apos;city&apos;</highlight><highlight class="normal">]);</highlight></codeline>
<codeline lineno="28"><highlight class="normal"><sp/><sp/><sp/><sp/><sp/><sp/><sp/><sp/><sp/><sp/><sp/><sp/>$details[</highlight><highlight class="stringliteral">&apos;zip&apos;</highlight><highlight class="normal">]<sp/>=<sp/>htmlspecialchars($_POST[</highlight><highlight class="stringliteral">&apos;zip&apos;</highlight><highlight class="normal">]);</highlight></codeline>
<codeline lineno="29"><highlight class="normal"><sp/><sp/><sp/><sp/><sp/><sp/><sp/><sp/><sp/><sp/><sp/><sp/>$details[</highlight><highlight class="stringliteral">&apos;country&apos;</highlight><highlight class="normal">]<sp/>=<sp/>htmlspecialchars($_POST[</highlight><highlight class="stringliteral">&apos;country&apos;</highlight><highlight class="normal">]);</highlight></codeline>
<codeline lineno="30"><highlight class="normal"><sp/><sp/><sp/><sp/><sp/><sp/><sp/><sp/><sp/><sp/><sp/><sp/>$details[</highlight><highlight class="stringliteral">&apos;blood_group&apos;</highlight><highlight class="normal">]<sp/>=<sp/>htmlspecialchars($_POST[</highlight><highlight class="stringliteral">&apos;blood_group&apos;</highlight><highlight class="normal">]);</highlight></codeline>
<codeline lineno="31"><highlight class="normal"><sp/><sp/><sp/><sp/><sp/><sp/><sp/><sp/><sp/><sp/><sp/><sp/>$details[</highlight><highlight class="stringliteral">&apos;last_donate&apos;</highlight><highlight class="normal">]<sp/>=<sp/>htmlspecialchars($_POST[</highlight><highlight class="stringliteral">&apos;last_donate1&apos;</highlight><highlight class="normal">])<sp/>.<sp/></highlight><highlight class="stringliteral">&quot;-&quot;</highlight><highlight class="normal"><sp/>.</highlight></codeline>
<codeline lineno="32"><highlight class="normal"><sp/><sp/><sp/><sp/><sp/><sp/><sp/><sp/><sp/><sp/><sp/><sp/><sp/><sp/><sp/><sp/><sp/><sp/><sp/><sp/>htmlspecialchars($_POST[</highlight><highlight class="stringliteral">&apos;last_donate2&apos;</highlight><highlight class="normal">])<sp/>.<sp/></highlight><highlight class="stringliteral">&quot;-&quot;</highlight><highlight class="normal"><sp/>.</highlight></codeline>
<codeline lineno="33"><highlight class="normal"><sp/><sp/><sp/><sp/><sp/><sp/><sp/><sp/><sp/><sp/><sp/><sp/><sp/><sp/><sp/><sp/><sp/><sp/><sp/><sp/>htmlspecialchars($_POST[</highlight><highlight class="stringliteral">&apos;last_donate3&apos;</highlight><highlight class="normal">]);</highlight></codeline>
<codeline lineno="34"><highlight class="normal"></highlight></codeline>
<codeline lineno="35"><highlight class="normal"><sp/><sp/><sp/><sp/><sp/><sp/><sp/><sp/><sp/><sp/><sp/><sp/>$details[</highlight><highlight class="stringliteral">&apos;image&apos;</highlight><highlight class="normal">]<sp/>=<sp/>$res;</highlight></codeline>
<codeline lineno="36"><highlight class="normal"></highlight></codeline>
<codeline lineno="37"><highlight class="normal"><sp/><sp/><sp/><sp/><sp/><sp/><sp/><sp/><sp/><sp/><sp/><sp/></highlight><highlight class="keywordflow">if</highlight><highlight class="normal"><sp/>($pass<sp/>===<sp/>$conf_pass)<sp/>{</highlight></codeline>
<codeline lineno="38"><highlight class="normal"><sp/><sp/><sp/><sp/><sp/><sp/><sp/><sp/><sp/><sp/><sp/><sp/><sp/><sp/><sp/><sp/>$details[</highlight><highlight class="stringliteral">&apos;password&apos;</highlight><highlight class="normal">]<sp/>=<sp/>$pass;</highlight></codeline>
<codeline lineno="39"><highlight class="normal"></highlight></codeline>
<codeline lineno="40"><highlight class="normal"><sp/><sp/><sp/><sp/><sp/><sp/><sp/><sp/><sp/><sp/><sp/><sp/><sp/><sp/><sp/><sp/></highlight><highlight class="keywordflow">if</highlight><highlight class="normal"><sp/>(!$db-&gt;isUserExist($details[</highlight><highlight class="stringliteral">&apos;email&apos;</highlight><highlight class="normal">]))<sp/>{</highlight></codeline>
<codeline lineno="41"><highlight class="normal"><sp/><sp/><sp/><sp/><sp/><sp/><sp/><sp/><sp/><sp/><sp/><sp/><sp/><sp/><sp/><sp/><sp/><sp/><sp/><sp/>$reg<sp/>=<sp/>$db-&gt;addNewUser($details);</highlight></codeline>
<codeline lineno="42"><highlight class="normal"><sp/><sp/><sp/><sp/><sp/><sp/><sp/><sp/><sp/><sp/><sp/><sp/><sp/><sp/><sp/><sp/><sp/><sp/><sp/><sp/></highlight><highlight class="keywordflow">if</highlight><highlight class="normal"><sp/>($reg)<sp/>{</highlight></codeline>
<codeline lineno="43"><highlight class="normal"><sp/><sp/><sp/><sp/><sp/><sp/><sp/><sp/><sp/><sp/><sp/><sp/><sp/><sp/><sp/><sp/><sp/><sp/><sp/><sp/><sp/><sp/><sp/><sp/>header(</highlight><highlight class="stringliteral">&apos;Location:<sp/>index.php&apos;</highlight><highlight class="normal">);</highlight></codeline>
<codeline lineno="44"><highlight class="normal"><sp/><sp/><sp/><sp/><sp/><sp/><sp/><sp/><sp/><sp/><sp/><sp/><sp/><sp/><sp/><sp/><sp/><sp/><sp/><sp/><sp/><sp/><sp/><sp/>$flag<sp/>=<sp/>4;</highlight></codeline>
<codeline lineno="45"><highlight class="normal"><sp/><sp/><sp/><sp/><sp/><sp/><sp/><sp/><sp/><sp/><sp/><sp/><sp/><sp/><sp/><sp/><sp/><sp/><sp/><sp/>}<sp/></highlight><highlight class="keywordflow">else</highlight><highlight class="normal"><sp/>{</highlight></codeline>
<codeline lineno="46"><highlight class="normal"><sp/><sp/><sp/><sp/><sp/><sp/><sp/><sp/><sp/><sp/><sp/><sp/><sp/><sp/><sp/><sp/><sp/><sp/><sp/><sp/><sp/><sp/><sp/><sp/>$flag<sp/>=<sp/>3;</highlight></codeline>
<codeline lineno="47"><highlight class="normal"><sp/><sp/><sp/><sp/><sp/><sp/><sp/><sp/><sp/><sp/><sp/><sp/><sp/><sp/><sp/><sp/><sp/><sp/><sp/><sp/>}</highlight></codeline>
<codeline lineno="48"><highlight class="normal"><sp/><sp/><sp/><sp/><sp/><sp/><sp/><sp/><sp/><sp/><sp/><sp/><sp/><sp/><sp/><sp/>}<sp/></highlight><highlight class="keywordflow">else</highlight><highlight class="normal"><sp/>{</highlight></codeline>
<codeline lineno="49"><highlight class="normal"><sp/><sp/><sp/><sp/><sp/><sp/><sp/><sp/><sp/><sp/><sp/><sp/><sp/><sp/><sp/><sp/><sp/><sp/><sp/><sp/>$flag<sp/>=<sp/>5;</highlight></codeline>
<codeline lineno="50"><highlight class="normal"><sp/><sp/><sp/><sp/><sp/><sp/><sp/><sp/><sp/><sp/><sp/><sp/><sp/><sp/><sp/><sp/>}</highlight></codeline>
<codeline lineno="51"><highlight class="normal"><sp/><sp/><sp/><sp/><sp/><sp/><sp/><sp/><sp/><sp/><sp/><sp/>}<sp/></highlight><highlight class="keywordflow">else</highlight><highlight class="normal"><sp/>{</highlight></codeline>
<codeline lineno="52"><highlight class="normal"><sp/><sp/><sp/><sp/><sp/><sp/><sp/><sp/><sp/><sp/><sp/><sp/><sp/><sp/><sp/><sp/>$flag<sp/>=<sp/>1;</highlight></codeline>
<codeline lineno="53"><highlight class="normal"><sp/><sp/><sp/><sp/><sp/><sp/><sp/><sp/><sp/><sp/><sp/><sp/>}</highlight></codeline>
<codeline lineno="54"><highlight class="normal"><sp/><sp/><sp/><sp/><sp/><sp/><sp/><sp/>}<sp/></highlight><highlight class="keywordflow">else</highlight><highlight class="normal"><sp/>{</highlight></codeline>
<codeline lineno="55"><highlight class="normal"><sp/><sp/><sp/><sp/><sp/><sp/><sp/><sp/><sp/><sp/><sp/><sp/>$flag<sp/>=<sp/>1;</highlight></codeline>
<codeline lineno="56"><highlight class="normal"><sp/><sp/><sp/><sp/><sp/><sp/><sp/><sp/>}</highlight></codeline>
<codeline lineno="57"><highlight class="normal"><sp/><sp/><sp/><sp/>}<sp/></highlight><highlight class="keywordflow">else</highlight><highlight class="normal"><sp/>{</highlight></codeline>
<codeline lineno="58"><highlight class="normal"><sp/><sp/><sp/><sp/><sp/><sp/><sp/><sp/>$flag<sp/>=<sp/>1;</highlight></codeline>
<codeline lineno="59"><highlight class="normal"><sp/><sp/><sp/><sp/>}</highlight></codeline>
<codeline lineno="60"><highlight class="normal"><sp/><sp/><sp/><sp/></highlight></codeline>
<codeline lineno="61"><highlight class="normal"><sp/><sp/><sp/><sp/></highlight><highlight class="comment">//echo<sp/>$flag<sp/>.<sp/>&quot;<sp/>&quot;<sp/>.<sp/>htmlspecialchars($_POST[&apos;agreement&apos;]);</highlight><highlight class="normal"></highlight></codeline>
<codeline lineno="62"><highlight class="normal">}</highlight></codeline>
<codeline lineno="63"><highlight class="normal">?&gt;</highlight></codeline>
<codeline lineno="64"><highlight class="normal"></highlight></codeline>
<codeline lineno="65"><highlight class="normal">&lt;!DOCTYPE<sp/>html</highlight><highlight class="stringliteral">&quot;&gt;</highlight></codeline>
<codeline lineno="66"><highlight class="stringliteral">&lt;html<sp/>xmlns=&quot;</highlight><highlight class="normal">http:</highlight><highlight class="comment">//www.w3.org/1999/xhtml&quot;<sp/>xml:lang=&quot;en&quot;<sp/>lang=&quot;en&quot;&gt;</highlight><highlight class="normal"></highlight></codeline>
<codeline lineno="67"><highlight class="normal"><sp/><sp/><sp/><sp/>&lt;head&gt;</highlight></codeline>
<codeline lineno="68"><highlight class="normal"><sp/><sp/><sp/><sp/><sp/><sp/><sp/><sp/>&lt;title&gt;Helpline<sp/>Plus&lt;/title&gt;</highlight></codeline>
<codeline lineno="69"><highlight class="normal"><sp/><sp/><sp/><sp/><sp/><sp/><sp/><sp/>&lt;meta<sp/>http-equiv=</highlight><highlight class="stringliteral">&quot;Content-Type&quot;</highlight><highlight class="normal"><sp/>content=</highlight><highlight class="stringliteral">&quot;text/html;<sp/>charset=utf-8&quot;</highlight><highlight class="normal">/&gt;</highlight></codeline>
<codeline lineno="70"><highlight class="normal"><sp/><sp/><sp/><sp/><sp/><sp/><sp/><sp/>&lt;link<sp/>rel=</highlight><highlight class="stringliteral">&quot;stylesheet&quot;</highlight><highlight class="normal"><sp/>type=</highlight><highlight class="stringliteral">&quot;text/css&quot;</highlight><highlight class="normal"><sp/>href=</highlight><highlight class="stringliteral">&quot;css/default.css&quot;</highlight><highlight class="normal">/&gt;</highlight></codeline>
<codeline lineno="71"><highlight class="normal"><sp/><sp/><sp/><sp/>&lt;/head&gt;</highlight></codeline>
<codeline lineno="72"><highlight class="normal"><sp/><sp/><sp/><sp/>&lt;body&gt;<sp/><sp/><sp/><sp/></highlight></codeline>
<codeline lineno="73"><highlight class="normal"><sp/><sp/><sp/><sp/><sp/><sp/><sp/><sp/>&lt;form<sp/>action=</highlight><highlight class="stringliteral">&quot;&lt;?php<sp/>echo<sp/>$_SERVER[&apos;PHP_SELF&apos;];<sp/>?&gt;&quot;</highlight><highlight class="normal"><sp/></highlight><highlight class="keyword">class</highlight><highlight class="normal">=</highlight><highlight class="stringliteral">&quot;register&quot;</highlight><highlight class="normal"><sp/>method=</highlight><highlight class="stringliteral">&quot;POST&quot;</highlight><highlight class="normal"><sp/>enctype=</highlight><highlight class="stringliteral">&quot;multipart/form-data&quot;</highlight><highlight class="normal">&gt;</highlight></codeline>
<codeline lineno="74"><highlight class="normal"><sp/><sp/><sp/><sp/><sp/><sp/><sp/><sp/><sp/><sp/><sp/><sp/>&lt;h1&gt;Sign<sp/>up&lt;/h1&gt;</highlight></codeline>
<codeline lineno="75"><highlight class="normal"><sp/><sp/><sp/><sp/><sp/><sp/><sp/><sp/><sp/><sp/><sp/><sp/>&lt;fieldset<sp/></highlight><highlight class="keyword">class</highlight><highlight class="normal">=</highlight><highlight class="stringliteral">&quot;row1&quot;</highlight><highlight class="normal">&gt;</highlight></codeline>
<codeline lineno="76"><highlight class="normal"><sp/><sp/><sp/><sp/><sp/><sp/><sp/><sp/><sp/><sp/><sp/><sp/><sp/><sp/><sp/><sp/>&lt;legend&gt;Account<sp/>Details&lt;/legend&gt;</highlight></codeline>
<codeline lineno="77"><highlight class="normal"><sp/><sp/><sp/><sp/><sp/><sp/><sp/><sp/><sp/><sp/><sp/><sp/><sp/><sp/><sp/><sp/>&lt;p&gt;</highlight></codeline>
<codeline lineno="78"><highlight class="normal"><sp/><sp/><sp/><sp/><sp/><sp/><sp/><sp/><sp/><sp/><sp/><sp/><sp/><sp/><sp/><sp/><sp/><sp/><sp/><sp/>&lt;label&gt;Email<sp/>*&lt;/label&gt;</highlight></codeline>
<codeline lineno="79"><highlight class="normal"><sp/><sp/><sp/><sp/><sp/><sp/><sp/><sp/><sp/><sp/><sp/><sp/><sp/><sp/><sp/><sp/><sp/><sp/><sp/><sp/>&lt;input<sp/>type=</highlight><highlight class="stringliteral">&quot;text&quot;</highlight><highlight class="normal"><sp/>name<sp/>=<sp/></highlight><highlight class="stringliteral">&quot;email&quot;</highlight><highlight class="normal"><sp/>required=</highlight><highlight class="stringliteral">&quot;&quot;</highlight><highlight class="normal">/&gt;</highlight></codeline>
<codeline lineno="80"><highlight class="normal"><sp/><sp/><sp/><sp/><sp/><sp/><sp/><sp/><sp/><sp/><sp/><sp/><sp/><sp/><sp/><sp/>&lt;/p&gt;</highlight></codeline>
<codeline lineno="81"><highlight class="normal"><sp/><sp/><sp/><sp/><sp/><sp/><sp/><sp/><sp/><sp/><sp/><sp/><sp/><sp/><sp/><sp/>&lt;p&gt;</highlight></codeline>
<codeline lineno="82"><highlight class="normal"><sp/><sp/><sp/><sp/><sp/><sp/><sp/><sp/><sp/><sp/><sp/><sp/><sp/><sp/><sp/><sp/><sp/><sp/><sp/><sp/>&lt;label&gt;Password*&lt;/label&gt;</highlight></codeline>
<codeline lineno="83"><highlight class="normal"><sp/><sp/><sp/><sp/><sp/><sp/><sp/><sp/><sp/><sp/><sp/><sp/><sp/><sp/><sp/><sp/><sp/><sp/><sp/><sp/>&lt;input<sp/>type=</highlight><highlight class="stringliteral">&quot;Password&quot;</highlight><highlight class="normal"><sp/>name<sp/>=<sp/></highlight><highlight class="stringliteral">&quot;pass&quot;</highlight><highlight class="normal"><sp/>required=</highlight><highlight class="stringliteral">&quot;&quot;</highlight><highlight class="normal">/&gt;</highlight></codeline>
<codeline lineno="84"><highlight class="normal"><sp/><sp/><sp/><sp/><sp/><sp/><sp/><sp/><sp/><sp/><sp/><sp/><sp/><sp/><sp/><sp/><sp/><sp/><sp/><sp/>&lt;label&gt;Repeat<sp/>Password*&lt;/label&gt;</highlight></codeline>
<codeline lineno="85"><highlight class="normal"><sp/><sp/><sp/><sp/><sp/><sp/><sp/><sp/><sp/><sp/><sp/><sp/><sp/><sp/><sp/><sp/><sp/><sp/><sp/><sp/>&lt;input<sp/>type=</highlight><highlight class="stringliteral">&quot;Password&quot;</highlight><highlight class="normal"><sp/>name<sp/>=<sp/></highlight><highlight class="stringliteral">&quot;conf_pass&quot;</highlight><highlight class="normal"><sp/>required=</highlight><highlight class="stringliteral">&quot;&quot;</highlight><highlight class="normal">/&gt;</highlight></codeline>
<codeline lineno="86"><highlight class="normal"><sp/><sp/><sp/><sp/><sp/><sp/><sp/><sp/><sp/><sp/><sp/><sp/><sp/><sp/><sp/><sp/><sp/><sp/><sp/><sp/>&lt;label<sp/></highlight><highlight class="keyword">class</highlight><highlight class="normal">=</highlight><highlight class="stringliteral">&quot;obinfo&quot;</highlight><highlight class="normal">&gt;*<sp/>obligatory<sp/>fields&lt;/label&gt;</highlight></codeline>
<codeline lineno="87"><highlight class="normal"><sp/><sp/><sp/><sp/><sp/><sp/><sp/><sp/><sp/><sp/><sp/><sp/><sp/><sp/><sp/><sp/>&lt;/p&gt;</highlight></codeline>
<codeline lineno="88"><highlight class="normal"><sp/><sp/><sp/><sp/><sp/><sp/><sp/><sp/><sp/><sp/><sp/><sp/>&lt;/fieldset&gt;</highlight></codeline>
<codeline lineno="89"><highlight class="normal"></highlight></codeline>
<codeline lineno="90"><highlight class="normal"><sp/><sp/><sp/><sp/><sp/><sp/><sp/><sp/><sp/><sp/><sp/><sp/>&lt;fieldset<sp/></highlight><highlight class="keyword">class</highlight><highlight class="normal">=</highlight><highlight class="stringliteral">&quot;row2&quot;</highlight><highlight class="normal">&gt;</highlight></codeline>
<codeline lineno="91"><highlight class="normal"><sp/><sp/><sp/><sp/><sp/><sp/><sp/><sp/><sp/><sp/><sp/><sp/><sp/><sp/><sp/><sp/>&lt;legend&gt;Personal<sp/>Details&lt;/legend&gt;</highlight></codeline>
<codeline lineno="92"><highlight class="normal"><sp/><sp/><sp/><sp/><sp/><sp/><sp/><sp/><sp/><sp/><sp/><sp/><sp/><sp/><sp/><sp/>&lt;p&gt;</highlight></codeline>
<codeline lineno="93"><highlight class="normal"><sp/><sp/><sp/><sp/><sp/><sp/><sp/><sp/><sp/><sp/><sp/><sp/><sp/><sp/><sp/><sp/><sp/><sp/><sp/><sp/>&lt;label&gt;First<sp/>Name<sp/>*&lt;/label&gt;</highlight></codeline>
<codeline lineno="94"><highlight class="normal"><sp/><sp/><sp/><sp/><sp/><sp/><sp/><sp/><sp/><sp/><sp/><sp/><sp/><sp/><sp/><sp/><sp/><sp/><sp/><sp/>&lt;input<sp/>type=</highlight><highlight class="stringliteral">&quot;text&quot;</highlight><highlight class="normal"><sp/></highlight><highlight class="keyword">class</highlight><highlight class="normal">=</highlight><highlight class="stringliteral">&quot;long&quot;</highlight><highlight class="normal"><sp/>name=</highlight><highlight class="stringliteral">&quot;fname&quot;</highlight><highlight class="normal"><sp/>required=</highlight><highlight class="stringliteral">&quot;&quot;</highlight><highlight class="normal">/&gt;</highlight></codeline>
<codeline lineno="95"><highlight class="normal"><sp/><sp/><sp/><sp/><sp/><sp/><sp/><sp/><sp/><sp/><sp/><sp/><sp/><sp/><sp/><sp/>&lt;/p&gt;</highlight></codeline>
<codeline lineno="96"><highlight class="normal"><sp/><sp/><sp/><sp/><sp/><sp/><sp/><sp/><sp/><sp/><sp/><sp/><sp/><sp/><sp/><sp/>&lt;p&gt;</highlight></codeline>
<codeline lineno="97"><highlight class="normal"><sp/><sp/><sp/><sp/><sp/><sp/><sp/><sp/><sp/><sp/><sp/><sp/><sp/><sp/><sp/><sp/><sp/><sp/><sp/><sp/>&lt;label&gt;Last<sp/>Name<sp/>*&lt;/label&gt;</highlight></codeline>
<codeline lineno="98"><highlight class="normal"><sp/><sp/><sp/><sp/><sp/><sp/><sp/><sp/><sp/><sp/><sp/><sp/><sp/><sp/><sp/><sp/><sp/><sp/><sp/><sp/>&lt;input<sp/>type=</highlight><highlight class="stringliteral">&quot;text&quot;</highlight><highlight class="normal"><sp/></highlight><highlight class="keyword">class</highlight><highlight class="normal">=</highlight><highlight class="stringliteral">&quot;long&quot;</highlight><highlight class="normal"><sp/>name<sp/>=<sp/></highlight><highlight class="stringliteral">&quot;lname&quot;</highlight><highlight class="normal"><sp/>required=</highlight><highlight class="stringliteral">&quot;&quot;</highlight><highlight class="normal">/&gt;</highlight></codeline>
<codeline lineno="99"><highlight class="normal"><sp/><sp/><sp/><sp/><sp/><sp/><sp/><sp/><sp/><sp/><sp/><sp/><sp/><sp/><sp/><sp/>&lt;/p&gt;</highlight></codeline>
<codeline lineno="100"><highlight class="normal"><sp/><sp/><sp/><sp/><sp/><sp/><sp/><sp/><sp/><sp/><sp/><sp/><sp/><sp/><sp/><sp/>&lt;p&gt;</highlight></codeline>
<codeline lineno="101"><highlight class="normal"><sp/><sp/><sp/><sp/><sp/><sp/><sp/><sp/><sp/><sp/><sp/><sp/><sp/><sp/><sp/><sp/><sp/><sp/><sp/><sp/>&lt;label&gt;Phone<sp/>*&lt;/label&gt;</highlight></codeline>
<codeline lineno="102"><highlight class="normal"><sp/><sp/><sp/><sp/><sp/><sp/><sp/><sp/><sp/><sp/><sp/><sp/><sp/><sp/><sp/><sp/><sp/><sp/><sp/><sp/>&lt;input<sp/>type=</highlight><highlight class="stringliteral">&quot;text&quot;</highlight><highlight class="normal"><sp/></highlight><highlight class="keyword">class</highlight><highlight class="normal">=</highlight><highlight class="stringliteral">&quot;long&quot;</highlight><highlight class="normal"><sp/>name=</highlight><highlight class="stringliteral">&quot;mobile_number&quot;</highlight><highlight class="normal"><sp/>required=</highlight><highlight class="stringliteral">&quot;&quot;</highlight><highlight class="normal">/&gt;</highlight></codeline>
<codeline lineno="103"><highlight class="normal"><sp/><sp/><sp/><sp/><sp/><sp/><sp/><sp/><sp/><sp/><sp/><sp/><sp/><sp/><sp/><sp/>&lt;/p&gt;</highlight></codeline>
<codeline lineno="104"><highlight class="normal"><sp/><sp/><sp/><sp/><sp/><sp/><sp/><sp/><sp/><sp/><sp/><sp/><sp/><sp/><sp/><sp/>&lt;p&gt;</highlight></codeline>
<codeline lineno="105"><highlight class="normal"><sp/><sp/><sp/><sp/><sp/><sp/><sp/><sp/><sp/><sp/><sp/><sp/><sp/><sp/><sp/><sp/><sp/><sp/><sp/><sp/>&lt;label&gt;House<sp/>No<sp/>*&lt;/label&gt;</highlight></codeline>
<codeline lineno="106"><highlight class="normal"><sp/><sp/><sp/><sp/><sp/><sp/><sp/><sp/><sp/><sp/><sp/><sp/><sp/><sp/><sp/><sp/><sp/><sp/><sp/><sp/>&lt;input<sp/>type=</highlight><highlight class="stringliteral">&quot;text&quot;</highlight><highlight class="normal"><sp/></highlight><highlight class="keyword">class</highlight><highlight class="normal">=</highlight><highlight class="stringliteral">&quot;long&quot;</highlight><highlight class="normal"><sp/>name=</highlight><highlight class="stringliteral">&quot;house&quot;</highlight><highlight class="normal"><sp/>required=</highlight><highlight class="stringliteral">&quot;&quot;</highlight><highlight class="normal">/&gt;</highlight></codeline>
<codeline lineno="107"><highlight class="normal"><sp/><sp/><sp/><sp/><sp/><sp/><sp/><sp/><sp/><sp/><sp/><sp/><sp/><sp/><sp/><sp/>&lt;/p&gt;</highlight></codeline>
<codeline lineno="108"><highlight class="normal"><sp/><sp/><sp/><sp/><sp/><sp/><sp/><sp/><sp/><sp/><sp/><sp/><sp/><sp/><sp/><sp/>&lt;p&gt;</highlight></codeline>
<codeline lineno="109"><highlight class="normal"><sp/><sp/><sp/><sp/><sp/><sp/><sp/><sp/><sp/><sp/><sp/><sp/><sp/><sp/><sp/><sp/><sp/><sp/><sp/><sp/>&lt;label&gt;Road<sp/>No<sp/>*&lt;/label&gt;</highlight></codeline>
<codeline lineno="110"><highlight class="normal"><sp/><sp/><sp/><sp/><sp/><sp/><sp/><sp/><sp/><sp/><sp/><sp/><sp/><sp/><sp/><sp/><sp/><sp/><sp/><sp/>&lt;input<sp/>type=</highlight><highlight class="stringliteral">&quot;text&quot;</highlight><highlight class="normal"><sp/></highlight><highlight class="keyword">class</highlight><highlight class="normal">=</highlight><highlight class="stringliteral">&quot;long&quot;</highlight><highlight class="normal"><sp/>name=</highlight><highlight class="stringliteral">&quot;road&quot;</highlight><highlight class="normal"><sp/>required=</highlight><highlight class="stringliteral">&quot;&quot;</highlight><highlight class="normal">/&gt;</highlight></codeline>
<codeline lineno="111"><highlight class="normal"><sp/><sp/><sp/><sp/><sp/><sp/><sp/><sp/><sp/><sp/><sp/><sp/><sp/><sp/><sp/><sp/>&lt;/p&gt;</highlight></codeline>
<codeline lineno="112"><highlight class="normal"><sp/><sp/><sp/><sp/><sp/><sp/><sp/><sp/><sp/><sp/><sp/><sp/><sp/><sp/><sp/><sp/>&lt;p&gt;</highlight></codeline>
<codeline lineno="113"><highlight class="normal"><sp/><sp/><sp/><sp/><sp/><sp/><sp/><sp/><sp/><sp/><sp/><sp/><sp/><sp/><sp/><sp/><sp/><sp/><sp/><sp/>&lt;label&gt;Area<sp/>Name<sp/>*&lt;/label&gt;</highlight></codeline>
<codeline lineno="114"><highlight class="normal"><sp/><sp/><sp/><sp/><sp/><sp/><sp/><sp/><sp/><sp/><sp/><sp/><sp/><sp/><sp/><sp/><sp/><sp/><sp/><sp/>&lt;input<sp/>type=</highlight><highlight class="stringliteral">&quot;text&quot;</highlight><highlight class="normal"><sp/></highlight><highlight class="keyword">class</highlight><highlight class="normal">=</highlight><highlight class="stringliteral">&quot;long&quot;</highlight><highlight class="normal"><sp/>name=</highlight><highlight class="stringliteral">&quot;area_name&quot;</highlight><highlight class="normal"><sp/>required=</highlight><highlight class="stringliteral">&quot;&quot;</highlight><highlight class="normal">/&gt;</highlight></codeline>
<codeline lineno="115"><highlight class="normal"><sp/><sp/><sp/><sp/><sp/><sp/><sp/><sp/><sp/><sp/><sp/><sp/><sp/><sp/><sp/><sp/>&lt;/p&gt;</highlight></codeline>
<codeline lineno="116"><highlight class="normal"><sp/><sp/><sp/><sp/><sp/><sp/><sp/><sp/><sp/><sp/><sp/><sp/><sp/><sp/><sp/><sp/>&lt;p&gt;</highlight></codeline>
<codeline lineno="117"><highlight class="normal"><sp/><sp/><sp/><sp/><sp/><sp/><sp/><sp/><sp/><sp/><sp/><sp/><sp/><sp/><sp/><sp/><sp/><sp/><sp/><sp/>&lt;label&gt;City<sp/>*&lt;/label&gt;</highlight></codeline>
<codeline lineno="118"><highlight class="normal"><sp/><sp/><sp/><sp/><sp/><sp/><sp/><sp/><sp/><sp/><sp/><sp/><sp/><sp/><sp/><sp/><sp/><sp/><sp/><sp/>&lt;input<sp/>type=</highlight><highlight class="stringliteral">&quot;text&quot;</highlight><highlight class="normal"><sp/></highlight><highlight class="keyword">class</highlight><highlight class="normal">=</highlight><highlight class="stringliteral">&quot;long&quot;</highlight><highlight class="normal"><sp/>name=</highlight><highlight class="stringliteral">&quot;city&quot;</highlight><highlight class="normal"><sp/>required=</highlight><highlight class="stringliteral">&quot;&quot;</highlight><highlight class="normal">/&gt;</highlight></codeline>
<codeline lineno="119"><highlight class="normal"><sp/><sp/><sp/><sp/><sp/><sp/><sp/><sp/><sp/><sp/><sp/><sp/><sp/><sp/><sp/><sp/>&lt;/p&gt;</highlight></codeline>
<codeline lineno="120"><highlight class="normal"><sp/><sp/><sp/><sp/><sp/><sp/><sp/><sp/><sp/><sp/><sp/><sp/><sp/><sp/><sp/><sp/>&lt;p&gt;</highlight></codeline>
<codeline lineno="121"><highlight class="normal"><sp/><sp/><sp/><sp/><sp/><sp/><sp/><sp/><sp/><sp/><sp/><sp/><sp/><sp/><sp/><sp/><sp/><sp/><sp/><sp/>&lt;label&gt;Postal<sp/>Code<sp/>*&lt;/label&gt;</highlight></codeline>
<codeline lineno="122"><highlight class="normal"><sp/><sp/><sp/><sp/><sp/><sp/><sp/><sp/><sp/><sp/><sp/><sp/><sp/><sp/><sp/><sp/><sp/><sp/><sp/><sp/>&lt;input<sp/>type=</highlight><highlight class="stringliteral">&quot;text&quot;</highlight><highlight class="normal"><sp/></highlight><highlight class="keyword">class</highlight><highlight class="normal">=</highlight><highlight class="stringliteral">&quot;long&quot;</highlight><highlight class="normal"><sp/>name=</highlight><highlight class="stringliteral">&quot;zip&quot;</highlight><highlight class="normal"><sp/>required=</highlight><highlight class="stringliteral">&quot;&quot;</highlight><highlight class="normal">/&gt;</highlight></codeline>
<codeline lineno="123"><highlight class="normal"><sp/><sp/><sp/><sp/><sp/><sp/><sp/><sp/><sp/><sp/><sp/><sp/><sp/><sp/><sp/><sp/>&lt;/p&gt;</highlight></codeline>
<codeline lineno="124"><highlight class="normal"><sp/><sp/><sp/><sp/><sp/><sp/><sp/><sp/><sp/><sp/><sp/><sp/><sp/><sp/><sp/><sp/>&lt;p&gt;</highlight></codeline>
<codeline lineno="125"><highlight class="normal"><sp/><sp/><sp/><sp/><sp/><sp/><sp/><sp/><sp/><sp/><sp/><sp/><sp/><sp/><sp/><sp/><sp/><sp/><sp/><sp/>&lt;label&gt;Country<sp/>*&lt;/label&gt;</highlight></codeline>
<codeline lineno="126"><highlight class="normal"><sp/><sp/><sp/><sp/><sp/><sp/><sp/><sp/><sp/><sp/><sp/><sp/><sp/><sp/><sp/><sp/><sp/><sp/><sp/><sp/>&lt;select<sp/>name=</highlight><highlight class="stringliteral">&quot;country&quot;</highlight><highlight class="normal"><sp/>required=</highlight><highlight class="stringliteral">&quot;&quot;</highlight><highlight class="normal">&gt;<sp/></highlight></codeline>
<codeline lineno="127"><highlight class="normal"><sp/><sp/><sp/><sp/><sp/><sp/><sp/><sp/><sp/><sp/><sp/><sp/><sp/><sp/><sp/><sp/><sp/><sp/><sp/><sp/><sp/><sp/><sp/><sp/>&lt;option<sp/>selected<sp/>disabled&gt;Choose<sp/>one&lt;/option&gt;</highlight></codeline>
<codeline lineno="128"><highlight class="normal"><sp/><sp/><sp/><sp/><sp/><sp/><sp/><sp/><sp/><sp/><sp/><sp/><sp/><sp/><sp/><sp/><sp/><sp/><sp/><sp/><sp/><sp/><sp/><sp/>&lt;option<sp/>value=</highlight><highlight class="stringliteral">&quot;Bangladesh&quot;</highlight><highlight class="normal">&gt;Bangladesh&lt;/option&gt;</highlight></codeline>
<codeline lineno="129"><highlight class="normal"><sp/><sp/><sp/><sp/><sp/><sp/><sp/><sp/><sp/><sp/><sp/><sp/><sp/><sp/><sp/><sp/><sp/><sp/><sp/><sp/><sp/><sp/><sp/><sp/>&lt;option<sp/>value=</highlight><highlight class="stringliteral">&quot;United<sp/>States&quot;</highlight><highlight class="normal">&gt;United<sp/>States&lt;/option&gt;</highlight></codeline>
<codeline lineno="130"><highlight class="normal"><sp/><sp/><sp/><sp/><sp/><sp/><sp/><sp/><sp/><sp/><sp/><sp/><sp/><sp/><sp/><sp/><sp/><sp/><sp/><sp/><sp/><sp/><sp/><sp/>&lt;option<sp/>value=</highlight><highlight class="stringliteral">&quot;India&quot;</highlight><highlight class="normal">&gt;India&lt;/option&gt;</highlight></codeline>
<codeline lineno="131"><highlight class="normal"><sp/><sp/><sp/><sp/><sp/><sp/><sp/><sp/><sp/><sp/><sp/><sp/><sp/><sp/><sp/><sp/><sp/><sp/><sp/><sp/><sp/><sp/><sp/><sp/>&lt;option<sp/>value=</highlight><highlight class="stringliteral">&quot;Singapoore&quot;</highlight><highlight class="normal">&gt;Singapore&lt;/option&gt;</highlight></codeline>
<codeline lineno="132"><highlight class="normal"><sp/><sp/><sp/><sp/><sp/><sp/><sp/><sp/><sp/><sp/><sp/><sp/><sp/><sp/><sp/><sp/><sp/><sp/><sp/><sp/>&lt;/select&gt;<sp/></highlight></codeline>
<codeline lineno="133"><highlight class="normal"><sp/><sp/><sp/><sp/><sp/><sp/><sp/><sp/><sp/><sp/><sp/><sp/><sp/><sp/><sp/><sp/>&lt;/p&gt;</highlight></codeline>
<codeline lineno="134"><highlight class="normal"><sp/><sp/><sp/><sp/><sp/><sp/><sp/><sp/><sp/><sp/><sp/><sp/>&lt;/fieldset&gt;</highlight></codeline>
<codeline lineno="135"><highlight class="normal"></highlight></codeline>
<codeline lineno="136"><highlight class="normal"><sp/><sp/><sp/><sp/><sp/><sp/><sp/><sp/><sp/><sp/><sp/><sp/>&lt;fieldset<sp/></highlight><highlight class="keyword">class</highlight><highlight class="normal">=</highlight><highlight class="stringliteral">&quot;row3&quot;</highlight><highlight class="normal">&gt;</highlight></codeline>
<codeline lineno="137"><highlight class="normal"><sp/><sp/><sp/><sp/><sp/><sp/><sp/><sp/><sp/><sp/><sp/><sp/><sp/><sp/><sp/><sp/>&lt;legend&gt;Further<sp/>Information&lt;/legend&gt;</highlight></codeline>
<codeline lineno="138"><highlight class="normal"><sp/><sp/><sp/><sp/><sp/><sp/><sp/><sp/><sp/><sp/><sp/><sp/><sp/><sp/><sp/><sp/>&lt;p&gt;</highlight></codeline>
<codeline lineno="139"><highlight class="normal"><sp/><sp/><sp/><sp/><sp/><sp/><sp/><sp/><sp/><sp/><sp/><sp/><sp/><sp/><sp/><sp/><sp/><sp/><sp/><sp/>&lt;label&gt;Blood<sp/>Group<sp/>*&lt;/label&gt;</highlight></codeline>
<codeline lineno="140"><highlight class="normal"><sp/><sp/><sp/><sp/><sp/><sp/><sp/><sp/><sp/><sp/><sp/><sp/><sp/><sp/><sp/><sp/><sp/><sp/><sp/><sp/>&lt;select<sp/>name=</highlight><highlight class="stringliteral">&quot;blood_group&quot;</highlight><highlight class="normal"><sp/>required=</highlight><highlight class="stringliteral">&quot;&quot;</highlight><highlight class="normal">&gt;</highlight></codeline>
<codeline lineno="141"><highlight class="normal"><sp/><sp/><sp/><sp/><sp/><sp/><sp/><sp/><sp/><sp/><sp/><sp/><sp/><sp/><sp/><sp/><sp/><sp/><sp/><sp/><sp/><sp/><sp/><sp/>&lt;option<sp/>selected<sp/>disabled&gt;Choose<sp/>one&lt;/option&gt;</highlight></codeline>
<codeline lineno="142"><highlight class="normal"><sp/><sp/><sp/><sp/><sp/><sp/><sp/><sp/><sp/><sp/><sp/><sp/><sp/><sp/><sp/><sp/><sp/><sp/><sp/><sp/><sp/><sp/><sp/><sp/>&lt;option<sp/>value=</highlight><highlight class="stringliteral">&quot;A+&quot;</highlight><highlight class="normal">&gt;A+&lt;/option&gt;</highlight></codeline>
<codeline lineno="143"><highlight class="normal"><sp/><sp/><sp/><sp/><sp/><sp/><sp/><sp/><sp/><sp/><sp/><sp/><sp/><sp/><sp/><sp/><sp/><sp/><sp/><sp/><sp/><sp/><sp/><sp/>&lt;option<sp/>value=</highlight><highlight class="stringliteral">&quot;A-&quot;</highlight><highlight class="normal">&gt;A-&lt;/option&gt;</highlight></codeline>
<codeline lineno="144"><highlight class="normal"><sp/><sp/><sp/><sp/><sp/><sp/><sp/><sp/><sp/><sp/><sp/><sp/><sp/><sp/><sp/><sp/><sp/><sp/><sp/><sp/><sp/><sp/><sp/><sp/>&lt;option<sp/>value=</highlight><highlight class="stringliteral">&quot;B+&quot;</highlight><highlight class="normal">&gt;B+&lt;/option&gt;</highlight></codeline>
<codeline lineno="145"><highlight class="normal"><sp/><sp/><sp/><sp/><sp/><sp/><sp/><sp/><sp/><sp/><sp/><sp/><sp/><sp/><sp/><sp/><sp/><sp/><sp/><sp/><sp/><sp/><sp/><sp/>&lt;option<sp/>value=</highlight><highlight class="stringliteral">&quot;B-&quot;</highlight><highlight class="normal">&gt;B-&lt;/option&gt;</highlight></codeline>
<codeline lineno="146"><highlight class="normal"><sp/><sp/><sp/><sp/><sp/><sp/><sp/><sp/><sp/><sp/><sp/><sp/><sp/><sp/><sp/><sp/><sp/><sp/><sp/><sp/><sp/><sp/><sp/><sp/>&lt;option<sp/>value=</highlight><highlight class="stringliteral">&quot;O+&quot;</highlight><highlight class="normal">&gt;O+&lt;/option&gt;</highlight></codeline>
<codeline lineno="147"><highlight class="normal"><sp/><sp/><sp/><sp/><sp/><sp/><sp/><sp/><sp/><sp/><sp/><sp/><sp/><sp/><sp/><sp/><sp/><sp/><sp/><sp/><sp/><sp/><sp/><sp/>&lt;option<sp/>value=</highlight><highlight class="stringliteral">&quot;O-&quot;</highlight><highlight class="normal">&gt;O-&lt;/option&gt;</highlight></codeline>
<codeline lineno="148"><highlight class="normal"><sp/><sp/><sp/><sp/><sp/><sp/><sp/><sp/><sp/><sp/><sp/><sp/><sp/><sp/><sp/><sp/><sp/><sp/><sp/><sp/><sp/><sp/><sp/><sp/>&lt;option<sp/>value=</highlight><highlight class="stringliteral">&quot;AB+&quot;</highlight><highlight class="normal">&gt;AB+&lt;/option&gt;</highlight></codeline>
<codeline lineno="149"><highlight class="normal"><sp/><sp/><sp/><sp/><sp/><sp/><sp/><sp/><sp/><sp/><sp/><sp/><sp/><sp/><sp/><sp/><sp/><sp/><sp/><sp/><sp/><sp/><sp/><sp/>&lt;option<sp/>value=</highlight><highlight class="stringliteral">&quot;AB-&quot;</highlight><highlight class="normal">&gt;AB-&lt;/option&gt;</highlight></codeline>
<codeline lineno="150"><highlight class="normal"><sp/><sp/><sp/><sp/><sp/><sp/><sp/><sp/><sp/><sp/><sp/><sp/><sp/><sp/><sp/><sp/><sp/><sp/><sp/><sp/>&lt;/select&gt;</highlight></codeline>
<codeline lineno="151"><highlight class="normal"><sp/><sp/><sp/><sp/><sp/><sp/><sp/><sp/><sp/><sp/><sp/><sp/><sp/><sp/><sp/><sp/>&lt;/p&gt;</highlight></codeline>
<codeline lineno="152"><highlight class="normal"></highlight></codeline>
<codeline lineno="153"><highlight class="normal"><sp/><sp/><sp/><sp/><sp/><sp/><sp/><sp/><sp/><sp/><sp/><sp/><sp/><sp/><sp/><sp/>&lt;p&gt;</highlight></codeline>
<codeline lineno="154"><highlight class="normal"><sp/><sp/><sp/><sp/><sp/><sp/><sp/><sp/><sp/><sp/><sp/><sp/><sp/><sp/><sp/><sp/><sp/><sp/><sp/><sp/>&lt;label&gt;Last<sp/>Donation<sp/>Date<sp/>*&lt;/label&gt;</highlight></codeline>
<codeline lineno="155"><highlight class="normal"><sp/><sp/><sp/><sp/><sp/><sp/><sp/><sp/><sp/><sp/><sp/><sp/><sp/><sp/><sp/><sp/><sp/><sp/><sp/><sp/>&lt;select<sp/></highlight><highlight class="keyword">class</highlight><highlight class="normal">=</highlight><highlight class="stringliteral">&quot;date&quot;</highlight><highlight class="normal"><sp/>name=</highlight><highlight class="stringliteral">&quot;last_donate1&quot;</highlight><highlight class="normal"><sp/>required=</highlight><highlight class="stringliteral">&quot;&quot;</highlight><highlight class="normal">&gt;</highlight></codeline>
<codeline lineno="156"><highlight class="normal"><sp/><sp/><sp/><sp/><sp/><sp/><sp/><sp/><sp/><sp/><sp/><sp/><sp/><sp/><sp/><sp/><sp/><sp/><sp/><sp/><sp/><sp/><sp/><sp/>&lt;option<sp/>value=</highlight><highlight class="stringliteral">&quot;1&quot;</highlight><highlight class="normal">&gt;01&lt;/option&gt;</highlight></codeline>
<codeline lineno="157"><highlight class="normal"><sp/><sp/><sp/><sp/><sp/><sp/><sp/><sp/><sp/><sp/><sp/><sp/><sp/><sp/><sp/><sp/><sp/><sp/><sp/><sp/><sp/><sp/><sp/><sp/>&lt;option<sp/>value=</highlight><highlight class="stringliteral">&quot;2&quot;</highlight><highlight class="normal">&gt;02&lt;/option&gt;</highlight></codeline>
<codeline lineno="158"><highlight class="normal"><sp/><sp/><sp/><sp/><sp/><sp/><sp/><sp/><sp/><sp/><sp/><sp/><sp/><sp/><sp/><sp/><sp/><sp/><sp/><sp/><sp/><sp/><sp/><sp/>&lt;option<sp/>value=</highlight><highlight class="stringliteral">&quot;3&quot;</highlight><highlight class="normal">&gt;03&lt;/option&gt;</highlight></codeline>
<codeline lineno="159"><highlight class="normal"><sp/><sp/><sp/><sp/><sp/><sp/><sp/><sp/><sp/><sp/><sp/><sp/><sp/><sp/><sp/><sp/><sp/><sp/><sp/><sp/><sp/><sp/><sp/><sp/>&lt;option<sp/>value=</highlight><highlight class="stringliteral">&quot;4&quot;</highlight><highlight class="normal">&gt;04&lt;/option&gt;</highlight></codeline>
<codeline lineno="160"><highlight class="normal"><sp/><sp/><sp/><sp/><sp/><sp/><sp/><sp/><sp/><sp/><sp/><sp/><sp/><sp/><sp/><sp/><sp/><sp/><sp/><sp/><sp/><sp/><sp/><sp/>&lt;option<sp/>value=</highlight><highlight class="stringliteral">&quot;5&quot;</highlight><highlight class="normal">&gt;05&lt;/option&gt;</highlight></codeline>
<codeline lineno="161"><highlight class="normal"><sp/><sp/><sp/><sp/><sp/><sp/><sp/><sp/><sp/><sp/><sp/><sp/><sp/><sp/><sp/><sp/><sp/><sp/><sp/><sp/><sp/><sp/><sp/><sp/>&lt;option<sp/>value=</highlight><highlight class="stringliteral">&quot;6&quot;</highlight><highlight class="normal">&gt;06&lt;/option&gt;</highlight></codeline>
<codeline lineno="162"><highlight class="normal"><sp/><sp/><sp/><sp/><sp/><sp/><sp/><sp/><sp/><sp/><sp/><sp/><sp/><sp/><sp/><sp/><sp/><sp/><sp/><sp/><sp/><sp/><sp/><sp/>&lt;option<sp/>value=</highlight><highlight class="stringliteral">&quot;7&quot;</highlight><highlight class="normal">&gt;07&lt;/option&gt;</highlight></codeline>
<codeline lineno="163"><highlight class="normal"><sp/><sp/><sp/><sp/><sp/><sp/><sp/><sp/><sp/><sp/><sp/><sp/><sp/><sp/><sp/><sp/><sp/><sp/><sp/><sp/><sp/><sp/><sp/><sp/>&lt;option<sp/>value=</highlight><highlight class="stringliteral">&quot;8&quot;</highlight><highlight class="normal">&gt;08&lt;/option&gt;</highlight></codeline>
<codeline lineno="164"><highlight class="normal"><sp/><sp/><sp/><sp/><sp/><sp/><sp/><sp/><sp/><sp/><sp/><sp/><sp/><sp/><sp/><sp/><sp/><sp/><sp/><sp/><sp/><sp/><sp/><sp/>&lt;option<sp/>value=</highlight><highlight class="stringliteral">&quot;9&quot;</highlight><highlight class="normal">&gt;09&lt;/option&gt;</highlight></codeline>
<codeline lineno="165"><highlight class="normal"><sp/><sp/><sp/><sp/><sp/><sp/><sp/><sp/><sp/><sp/><sp/><sp/><sp/><sp/><sp/><sp/><sp/><sp/><sp/><sp/><sp/><sp/><sp/><sp/>&lt;option<sp/>value=</highlight><highlight class="stringliteral">&quot;10&quot;</highlight><highlight class="normal">&gt;10&lt;/option&gt;</highlight></codeline>
<codeline lineno="166"><highlight class="normal"><sp/><sp/><sp/><sp/><sp/><sp/><sp/><sp/><sp/><sp/><sp/><sp/><sp/><sp/><sp/><sp/><sp/><sp/><sp/><sp/><sp/><sp/><sp/><sp/>&lt;option<sp/>value=</highlight><highlight class="stringliteral">&quot;11&quot;</highlight><highlight class="normal">&gt;11&lt;/option&gt;</highlight></codeline>
<codeline lineno="167"><highlight class="normal"><sp/><sp/><sp/><sp/><sp/><sp/><sp/><sp/><sp/><sp/><sp/><sp/><sp/><sp/><sp/><sp/><sp/><sp/><sp/><sp/><sp/><sp/><sp/><sp/>&lt;option<sp/>value=</highlight><highlight class="stringliteral">&quot;12&quot;</highlight><highlight class="normal">&gt;12&lt;/option&gt;</highlight></codeline>
<codeline lineno="168"><highlight class="normal"><sp/><sp/><sp/><sp/><sp/><sp/><sp/><sp/><sp/><sp/><sp/><sp/><sp/><sp/><sp/><sp/><sp/><sp/><sp/><sp/><sp/><sp/><sp/><sp/>&lt;option<sp/>value=</highlight><highlight class="stringliteral">&quot;13&quot;</highlight><highlight class="normal">&gt;13&lt;/option&gt;</highlight></codeline>
<codeline lineno="169"><highlight class="normal"><sp/><sp/><sp/><sp/><sp/><sp/><sp/><sp/><sp/><sp/><sp/><sp/><sp/><sp/><sp/><sp/><sp/><sp/><sp/><sp/><sp/><sp/><sp/><sp/>&lt;option<sp/>value=</highlight><highlight class="stringliteral">&quot;14&quot;</highlight><highlight class="normal">&gt;14&lt;/option&gt;</highlight></codeline>
<codeline lineno="170"><highlight class="normal"><sp/><sp/><sp/><sp/><sp/><sp/><sp/><sp/><sp/><sp/><sp/><sp/><sp/><sp/><sp/><sp/><sp/><sp/><sp/><sp/><sp/><sp/><sp/><sp/>&lt;option<sp/>value=</highlight><highlight class="stringliteral">&quot;15&quot;</highlight><highlight class="normal">&gt;15&lt;/option&gt;</highlight></codeline>
<codeline lineno="171"><highlight class="normal"><sp/><sp/><sp/><sp/><sp/><sp/><sp/><sp/><sp/><sp/><sp/><sp/><sp/><sp/><sp/><sp/><sp/><sp/><sp/><sp/><sp/><sp/><sp/><sp/>&lt;option<sp/>value=</highlight><highlight class="stringliteral">&quot;16&quot;</highlight><highlight class="normal">&gt;16&lt;/option&gt;</highlight></codeline>
<codeline lineno="172"><highlight class="normal"><sp/><sp/><sp/><sp/><sp/><sp/><sp/><sp/><sp/><sp/><sp/><sp/><sp/><sp/><sp/><sp/><sp/><sp/><sp/><sp/><sp/><sp/><sp/><sp/>&lt;option<sp/>value=</highlight><highlight class="stringliteral">&quot;17&quot;</highlight><highlight class="normal">&gt;17&lt;/option&gt;</highlight></codeline>
<codeline lineno="173"><highlight class="normal"><sp/><sp/><sp/><sp/><sp/><sp/><sp/><sp/><sp/><sp/><sp/><sp/><sp/><sp/><sp/><sp/><sp/><sp/><sp/><sp/><sp/><sp/><sp/><sp/>&lt;option<sp/>value=</highlight><highlight class="stringliteral">&quot;18&quot;</highlight><highlight class="normal">&gt;18&lt;/option&gt;</highlight></codeline>
<codeline lineno="174"><highlight class="normal"><sp/><sp/><sp/><sp/><sp/><sp/><sp/><sp/><sp/><sp/><sp/><sp/><sp/><sp/><sp/><sp/><sp/><sp/><sp/><sp/><sp/><sp/><sp/><sp/>&lt;option<sp/>value=</highlight><highlight class="stringliteral">&quot;19&quot;</highlight><highlight class="normal">&gt;19&lt;/option&gt;</highlight></codeline>
<codeline lineno="175"><highlight class="normal"><sp/><sp/><sp/><sp/><sp/><sp/><sp/><sp/><sp/><sp/><sp/><sp/><sp/><sp/><sp/><sp/><sp/><sp/><sp/><sp/><sp/><sp/><sp/><sp/>&lt;option<sp/>value=</highlight><highlight class="stringliteral">&quot;20&quot;</highlight><highlight class="normal">&gt;20&lt;/option&gt;</highlight></codeline>
<codeline lineno="176"><highlight class="normal"><sp/><sp/><sp/><sp/><sp/><sp/><sp/><sp/><sp/><sp/><sp/><sp/><sp/><sp/><sp/><sp/><sp/><sp/><sp/><sp/><sp/><sp/><sp/><sp/>&lt;option<sp/>value=</highlight><highlight class="stringliteral">&quot;21&quot;</highlight><highlight class="normal">&gt;21&lt;/option&gt;</highlight></codeline>
<codeline lineno="177"><highlight class="normal"><sp/><sp/><sp/><sp/><sp/><sp/><sp/><sp/><sp/><sp/><sp/><sp/><sp/><sp/><sp/><sp/><sp/><sp/><sp/><sp/><sp/><sp/><sp/><sp/>&lt;option<sp/>value=</highlight><highlight class="stringliteral">&quot;22&quot;</highlight><highlight class="normal">&gt;22&lt;/option&gt;</highlight></codeline>
<codeline lineno="178"><highlight class="normal"><sp/><sp/><sp/><sp/><sp/><sp/><sp/><sp/><sp/><sp/><sp/><sp/><sp/><sp/><sp/><sp/><sp/><sp/><sp/><sp/><sp/><sp/><sp/><sp/>&lt;option<sp/>value=</highlight><highlight class="stringliteral">&quot;23&quot;</highlight><highlight class="normal">&gt;23&lt;/option&gt;</highlight></codeline>
<codeline lineno="179"><highlight class="normal"><sp/><sp/><sp/><sp/><sp/><sp/><sp/><sp/><sp/><sp/><sp/><sp/><sp/><sp/><sp/><sp/><sp/><sp/><sp/><sp/><sp/><sp/><sp/><sp/>&lt;option<sp/>value=</highlight><highlight class="stringliteral">&quot;24&quot;</highlight><highlight class="normal">&gt;24&lt;/option&gt;</highlight></codeline>
<codeline lineno="180"><highlight class="normal"><sp/><sp/><sp/><sp/><sp/><sp/><sp/><sp/><sp/><sp/><sp/><sp/><sp/><sp/><sp/><sp/><sp/><sp/><sp/><sp/><sp/><sp/><sp/><sp/>&lt;option<sp/>value=</highlight><highlight class="stringliteral">&quot;25&quot;</highlight><highlight class="normal">&gt;25&lt;/option&gt;</highlight></codeline>
<codeline lineno="181"><highlight class="normal"><sp/><sp/><sp/><sp/><sp/><sp/><sp/><sp/><sp/><sp/><sp/><sp/><sp/><sp/><sp/><sp/><sp/><sp/><sp/><sp/><sp/><sp/><sp/><sp/>&lt;option<sp/>value=</highlight><highlight class="stringliteral">&quot;26&quot;</highlight><highlight class="normal">&gt;26&lt;/option&gt;</highlight></codeline>
<codeline lineno="182"><highlight class="normal"><sp/><sp/><sp/><sp/><sp/><sp/><sp/><sp/><sp/><sp/><sp/><sp/><sp/><sp/><sp/><sp/><sp/><sp/><sp/><sp/><sp/><sp/><sp/><sp/>&lt;option<sp/>value=</highlight><highlight class="stringliteral">&quot;27&quot;</highlight><highlight class="normal">&gt;27&lt;/option&gt;</highlight></codeline>
<codeline lineno="183"><highlight class="normal"><sp/><sp/><sp/><sp/><sp/><sp/><sp/><sp/><sp/><sp/><sp/><sp/><sp/><sp/><sp/><sp/><sp/><sp/><sp/><sp/><sp/><sp/><sp/><sp/>&lt;option<sp/>value=</highlight><highlight class="stringliteral">&quot;28&quot;</highlight><highlight class="normal">&gt;28&lt;/option&gt;</highlight></codeline>
<codeline lineno="184"><highlight class="normal"><sp/><sp/><sp/><sp/><sp/><sp/><sp/><sp/><sp/><sp/><sp/><sp/><sp/><sp/><sp/><sp/><sp/><sp/><sp/><sp/><sp/><sp/><sp/><sp/>&lt;option<sp/>value=</highlight><highlight class="stringliteral">&quot;29&quot;</highlight><highlight class="normal">&gt;29&lt;/option&gt;</highlight></codeline>
<codeline lineno="185"><highlight class="normal"><sp/><sp/><sp/><sp/><sp/><sp/><sp/><sp/><sp/><sp/><sp/><sp/><sp/><sp/><sp/><sp/><sp/><sp/><sp/><sp/><sp/><sp/><sp/><sp/>&lt;option<sp/>value=</highlight><highlight class="stringliteral">&quot;30&quot;</highlight><highlight class="normal">&gt;30&lt;/option&gt;</highlight></codeline>
<codeline lineno="186"><highlight class="normal"><sp/><sp/><sp/><sp/><sp/><sp/><sp/><sp/><sp/><sp/><sp/><sp/><sp/><sp/><sp/><sp/><sp/><sp/><sp/><sp/><sp/><sp/><sp/><sp/>&lt;option<sp/>value=</highlight><highlight class="stringliteral">&quot;31&quot;</highlight><highlight class="normal">&gt;31&lt;/option&gt;</highlight></codeline>
<codeline lineno="187"><highlight class="normal"><sp/><sp/><sp/><sp/><sp/><sp/><sp/><sp/><sp/><sp/><sp/><sp/><sp/><sp/><sp/><sp/><sp/><sp/><sp/><sp/>&lt;/select&gt;</highlight></codeline>
<codeline lineno="188"><highlight class="normal"><sp/><sp/><sp/><sp/><sp/><sp/><sp/><sp/><sp/><sp/><sp/><sp/><sp/><sp/><sp/><sp/><sp/><sp/><sp/><sp/>&lt;select<sp/>name=</highlight><highlight class="stringliteral">&quot;last_donate2&quot;</highlight><highlight class="normal"><sp/>required=</highlight><highlight class="stringliteral">&quot;&quot;</highlight><highlight class="normal">&gt;</highlight></codeline>
<codeline lineno="189"><highlight class="normal"><sp/><sp/><sp/><sp/><sp/><sp/><sp/><sp/><sp/><sp/><sp/><sp/><sp/><sp/><sp/><sp/><sp/><sp/><sp/><sp/><sp/><sp/><sp/><sp/>&lt;option<sp/>value=</highlight><highlight class="stringliteral">&quot;January&quot;</highlight><highlight class="normal">&gt;January&lt;/option&gt;</highlight></codeline>
<codeline lineno="190"><highlight class="normal"><sp/><sp/><sp/><sp/><sp/><sp/><sp/><sp/><sp/><sp/><sp/><sp/><sp/><sp/><sp/><sp/><sp/><sp/><sp/><sp/><sp/><sp/><sp/><sp/>&lt;option<sp/>value=</highlight><highlight class="stringliteral">&quot;February&quot;</highlight><highlight class="normal">&gt;February&lt;/option&gt;</highlight></codeline>
<codeline lineno="191"><highlight class="normal"><sp/><sp/><sp/><sp/><sp/><sp/><sp/><sp/><sp/><sp/><sp/><sp/><sp/><sp/><sp/><sp/><sp/><sp/><sp/><sp/><sp/><sp/><sp/><sp/>&lt;option<sp/>value=</highlight><highlight class="stringliteral">&quot;March&quot;</highlight><highlight class="normal">&gt;March&lt;/option&gt;</highlight></codeline>
<codeline lineno="192"><highlight class="normal"><sp/><sp/><sp/><sp/><sp/><sp/><sp/><sp/><sp/><sp/><sp/><sp/><sp/><sp/><sp/><sp/><sp/><sp/><sp/><sp/><sp/><sp/><sp/><sp/>&lt;option<sp/>value=</highlight><highlight class="stringliteral">&quot;April&quot;</highlight><highlight class="normal">&gt;April&lt;/option&gt;</highlight></codeline>
<codeline lineno="193"><highlight class="normal"><sp/><sp/><sp/><sp/><sp/><sp/><sp/><sp/><sp/><sp/><sp/><sp/><sp/><sp/><sp/><sp/><sp/><sp/><sp/><sp/><sp/><sp/><sp/><sp/>&lt;option<sp/>value=</highlight><highlight class="stringliteral">&quot;May&quot;</highlight><highlight class="normal">&gt;May&lt;/option&gt;</highlight></codeline>
<codeline lineno="194"><highlight class="normal"><sp/><sp/><sp/><sp/><sp/><sp/><sp/><sp/><sp/><sp/><sp/><sp/><sp/><sp/><sp/><sp/><sp/><sp/><sp/><sp/><sp/><sp/><sp/><sp/>&lt;option<sp/>value=</highlight><highlight class="stringliteral">&quot;June&quot;</highlight><highlight class="normal">&gt;June&lt;/option&gt;</highlight></codeline>
<codeline lineno="195"><highlight class="normal"><sp/><sp/><sp/><sp/><sp/><sp/><sp/><sp/><sp/><sp/><sp/><sp/><sp/><sp/><sp/><sp/><sp/><sp/><sp/><sp/><sp/><sp/><sp/><sp/>&lt;option<sp/>value=</highlight><highlight class="stringliteral">&quot;July&quot;</highlight><highlight class="normal">&gt;July&lt;/option&gt;</highlight></codeline>
<codeline lineno="196"><highlight class="normal"><sp/><sp/><sp/><sp/><sp/><sp/><sp/><sp/><sp/><sp/><sp/><sp/><sp/><sp/><sp/><sp/><sp/><sp/><sp/><sp/><sp/><sp/><sp/><sp/>&lt;option<sp/>value=</highlight><highlight class="stringliteral">&quot;August&quot;</highlight><highlight class="normal">&gt;August&lt;/option&gt;</highlight></codeline>
<codeline lineno="197"><highlight class="normal"><sp/><sp/><sp/><sp/><sp/><sp/><sp/><sp/><sp/><sp/><sp/><sp/><sp/><sp/><sp/><sp/><sp/><sp/><sp/><sp/><sp/><sp/><sp/><sp/>&lt;option<sp/>value=</highlight><highlight class="stringliteral">&quot;September&quot;</highlight><highlight class="normal">&gt;September&lt;/option&gt;</highlight></codeline>
<codeline lineno="198"><highlight class="normal"><sp/><sp/><sp/><sp/><sp/><sp/><sp/><sp/><sp/><sp/><sp/><sp/><sp/><sp/><sp/><sp/><sp/><sp/><sp/><sp/><sp/><sp/><sp/><sp/>&lt;option<sp/>value=</highlight><highlight class="stringliteral">&quot;October&quot;</highlight><highlight class="normal">&gt;October&lt;/option&gt;</highlight></codeline>
<codeline lineno="199"><highlight class="normal"><sp/><sp/><sp/><sp/><sp/><sp/><sp/><sp/><sp/><sp/><sp/><sp/><sp/><sp/><sp/><sp/><sp/><sp/><sp/><sp/><sp/><sp/><sp/><sp/>&lt;option<sp/>value=</highlight><highlight class="stringliteral">&quot;November&quot;</highlight><highlight class="normal">&gt;November&lt;/option&gt;</highlight></codeline>
<codeline lineno="200"><highlight class="normal"><sp/><sp/><sp/><sp/><sp/><sp/><sp/><sp/><sp/><sp/><sp/><sp/><sp/><sp/><sp/><sp/><sp/><sp/><sp/><sp/><sp/><sp/><sp/><sp/>&lt;option<sp/>value=</highlight><highlight class="stringliteral">&quot;December&quot;</highlight><highlight class="normal">&gt;December&lt;/option&gt;</highlight></codeline>
<codeline lineno="201"><highlight class="normal"><sp/><sp/><sp/><sp/><sp/><sp/><sp/><sp/><sp/><sp/><sp/><sp/><sp/><sp/><sp/><sp/><sp/><sp/><sp/><sp/>&lt;/select&gt;</highlight></codeline>
<codeline lineno="202"><highlight class="normal"><sp/><sp/><sp/><sp/><sp/><sp/><sp/><sp/><sp/><sp/><sp/><sp/><sp/><sp/><sp/><sp/><sp/><sp/><sp/><sp/>&lt;input<sp/></highlight><highlight class="keyword">class</highlight><highlight class="normal">=</highlight><highlight class="stringliteral">&quot;year&quot;</highlight><highlight class="normal"><sp/>type=</highlight><highlight class="stringliteral">&quot;text&quot;</highlight><highlight class="normal"><sp/>maxlength=</highlight><highlight class="stringliteral">&quot;4&quot;</highlight><highlight class="normal"><sp/>style=</highlight><highlight class="stringliteral">&quot;width:<sp/>40px;&quot;</highlight><highlight class="normal"><sp/>name=</highlight><highlight class="stringliteral">&quot;last_donate3&quot;</highlight><highlight class="normal"><sp/>required=</highlight><highlight class="stringliteral">&quot;&quot;</highlight><highlight class="normal">/&gt;</highlight></codeline>
<codeline lineno="203"><highlight class="normal"><sp/><sp/><sp/><sp/><sp/><sp/><sp/><sp/><sp/><sp/><sp/><sp/><sp/><sp/><sp/><sp/>&lt;/p&gt;</highlight></codeline>
<codeline lineno="204"><highlight class="normal"></highlight></codeline>
<codeline lineno="205"><highlight class="normal"><sp/><sp/><sp/><sp/><sp/><sp/><sp/><sp/><sp/><sp/><sp/><sp/><sp/><sp/><sp/><sp/>&lt;p&gt;</highlight></codeline>
<codeline lineno="206"><highlight class="normal"><sp/><sp/><sp/><sp/><sp/><sp/><sp/><sp/><sp/><sp/><sp/><sp/><sp/><sp/><sp/><sp/><sp/><sp/><sp/><sp/>&lt;div&gt;</highlight></codeline>
<codeline lineno="207"><highlight class="normal"><sp/><sp/><sp/><sp/><sp/><sp/><sp/><sp/><sp/><sp/><sp/><sp/><sp/><sp/><sp/><sp/><sp/><sp/><sp/><sp/><sp/><sp/><sp/><sp/>&lt;label&gt;Profile<sp/>Picture&lt;/label&gt;</highlight></codeline>
<codeline lineno="208"><highlight class="normal"><sp/><sp/><sp/><sp/><sp/><sp/><sp/><sp/><sp/><sp/><sp/><sp/><sp/><sp/><sp/><sp/><sp/><sp/><sp/><sp/><sp/><sp/><sp/><sp/>&lt;input<sp/>type=</highlight><highlight class="stringliteral">&quot;file&quot;</highlight><highlight class="normal"><sp/>name=</highlight><highlight class="stringliteral">&quot;image&quot;</highlight><highlight class="normal"><sp/>required=</highlight><highlight class="stringliteral">&quot;&quot;</highlight><highlight class="normal">/&gt;</highlight></codeline>
<codeline lineno="209"><highlight class="normal"><sp/><sp/><sp/><sp/><sp/><sp/><sp/><sp/><sp/><sp/><sp/><sp/><sp/><sp/><sp/><sp/><sp/><sp/><sp/><sp/>&lt;/div&gt;</highlight></codeline>
<codeline lineno="210"><highlight class="normal"><sp/><sp/><sp/><sp/><sp/><sp/><sp/><sp/><sp/><sp/><sp/><sp/><sp/><sp/><sp/><sp/>&lt;/p&gt;</highlight></codeline>
<codeline lineno="211"><highlight class="normal"></highlight></codeline>
<codeline lineno="212"><highlight class="normal"><sp/><sp/><sp/><sp/><sp/><sp/><sp/><sp/><sp/><sp/><sp/><sp/>&lt;/fieldset&gt;</highlight></codeline>
<codeline lineno="213"><highlight class="normal"></highlight></codeline>
<codeline lineno="214"><highlight class="normal"><sp/><sp/><sp/><sp/><sp/><sp/><sp/><sp/><sp/><sp/><sp/><sp/>&lt;fieldset<sp/></highlight><highlight class="keyword">class</highlight><highlight class="normal">=</highlight><highlight class="stringliteral">&quot;row4&quot;</highlight><highlight class="normal">&gt;</highlight></codeline>
<codeline lineno="215"><highlight class="normal"><sp/><sp/><sp/><sp/><sp/><sp/><sp/><sp/><sp/><sp/><sp/><sp/><sp/><sp/><sp/><sp/>&lt;legend&gt;Terms<sp/>and<sp/>Conditions&lt;/legend&gt;</highlight></codeline>
<codeline lineno="216"><highlight class="normal"><sp/><sp/><sp/><sp/><sp/><sp/><sp/><sp/><sp/><sp/><sp/><sp/><sp/><sp/><sp/><sp/>&lt;p<sp/></highlight><highlight class="keyword">class</highlight><highlight class="normal">=</highlight><highlight class="stringliteral">&quot;agreement&quot;</highlight><highlight class="normal">&gt;</highlight></codeline>
<codeline lineno="217"><highlight class="normal"><sp/><sp/><sp/><sp/><sp/><sp/><sp/><sp/><sp/><sp/><sp/><sp/><sp/><sp/><sp/><sp/><sp/><sp/><sp/><sp/>&lt;input<sp/>type=</highlight><highlight class="stringliteral">&quot;checkbox&quot;</highlight><highlight class="normal"><sp/>name=</highlight><highlight class="stringliteral">&quot;agreement&quot;</highlight><highlight class="normal">/&gt;</highlight></codeline>
<codeline lineno="218"><highlight class="normal"><sp/><sp/><sp/><sp/><sp/><sp/><sp/><sp/><sp/><sp/><sp/><sp/><sp/><sp/><sp/><sp/><sp/><sp/><sp/><sp/>&lt;label&gt;*<sp/><sp/>I<sp/>accept<sp/>the<sp/>&lt;a<sp/>href=</highlight><highlight class="stringliteral">&quot;#&quot;</highlight><highlight class="normal">&gt;Terms<sp/>and<sp/>Conditions&lt;/a&gt;&lt;/label&gt;</highlight></codeline>
<codeline lineno="219"><highlight class="normal"><sp/><sp/><sp/><sp/><sp/><sp/><sp/><sp/><sp/><sp/><sp/><sp/><sp/><sp/><sp/><sp/>&lt;/p&gt;</highlight></codeline>
<codeline lineno="220"><highlight class="normal"><sp/><sp/><sp/><sp/><sp/><sp/><sp/><sp/><sp/><sp/><sp/><sp/>&lt;/fieldset&gt;</highlight></codeline>
<codeline lineno="221"><highlight class="normal"></highlight></codeline>
<codeline lineno="222"><highlight class="normal"><sp/><sp/><sp/><sp/><sp/><sp/><sp/><sp/><sp/><sp/><sp/><sp/>&lt;div&gt;&lt;button<sp/>type=</highlight><highlight class="stringliteral">&quot;submit&quot;</highlight><highlight class="normal"><sp/></highlight><highlight class="keyword">class</highlight><highlight class="normal">=</highlight><highlight class="stringliteral">&quot;button&quot;</highlight><highlight class="normal"><sp/>name=</highlight><highlight class="stringliteral">&quot;register&quot;</highlight><highlight class="normal"><sp/>&gt;Register<sp/>&amp;raquo;&lt;/button&gt;&lt;/div&gt;</highlight></codeline>
<codeline lineno="223"><highlight class="normal"><sp/><sp/><sp/><sp/><sp/><sp/><sp/><sp/>&lt;/form&gt;</highlight></codeline>
<codeline lineno="224"><highlight class="normal"><sp/><sp/><sp/><sp/>&lt;/body&gt;</highlight></codeline>
<codeline lineno="225"><highlight class="normal">&lt;/html&gt;</highlight></codeline>
<codeline lineno="226"><highlight class="normal"></highlight></codeline>
<codeline lineno="227"><highlight class="normal"></highlight></codeline>
<codeline lineno="228"><highlight class="normal"></highlight></codeline>
<codeline lineno="229"><highlight class="normal"></highlight></codeline>
<codeline lineno="230"><highlight class="normal"></highlight></codeline>
    </programlisting>
    <location file="register.php"/>
  </compounddef>
</doxygen>
