<?xml version='1.0' encoding='UTF-8' standalone='no'?>
<doxygen xmlns:xsi="http://www.w3.org/2001/XMLSchema-instance" xsi:noNamespaceSchemaLocation="compound.xsd" version="1.8.16">
  <compounddef id="session_8php" kind="file" language="PHP">
    <compoundname>session.php</compoundname>
      <sectiondef kind="var">
      <memberdef kind="variable" id="session_8php_1a68fbc5a9273a24181c50a057d11603fa" prot="public" static="no" mutable="no">
        <type></type>
        <definition>$fileName</definition>
        <argsstring></argsstring>
        <name>$fileName</name>
        <initializer>= htmlspecialchars(basename($_SERVER[&apos;PHP_SELF&apos;]))</initializer>
        <briefdescription>
        </briefdescription>
        <detaileddescription>
        </detaileddescription>
        <inbodydescription>
        </inbodydescription>
        <location file="session.php" line="3" column="1" bodyfile="session.php" bodystart="3" bodyend="-1"/>
      </memberdef>
      <memberdef kind="variable" id="session_8php_1ab2fc40d43824ea3e1ce5d86dee0d763b" prot="public" static="no" mutable="no">
        <type></type>
        <definition>$name</definition>
        <argsstring></argsstring>
        <name>$name</name>
        <initializer>= explode(&quot;.&quot;, $fileName)</initializer>
        <briefdescription>
        </briefdescription>
        <detaileddescription>
        </detaileddescription>
        <inbodydescription>
        </inbodydescription>
        <location file="session.php" line="4" column="1" bodyfile="session.php" bodystart="4" bodyend="-1"/>
      </memberdef>
      <memberdef kind="variable" id="session_8php_1ada57e7bb7c152edad18fe2f166188691" prot="public" static="no" mutable="no">
        <type></type>
        <definition>$title</definition>
        <argsstring></argsstring>
        <name>$title</name>
        <initializer>= $name[0]</initializer>
        <briefdescription>
        </briefdescription>
        <detaileddescription>
        </detaileddescription>
        <inbodydescription>
        </inbodydescription>
        <location file="session.php" line="5" column="1" bodyfile="session.php" bodystart="5" bodyend="-1"/>
      </memberdef>
      <memberdef kind="variable" id="session_8php_1ad0b3d51a911e55de6c3395c8549237d1" prot="public" static="no" mutable="no">
        <type></type>
        <definition>if($title===&quot;session&quot;)</definition>
        <argsstring>( $title===&quot;session&quot;)</argsstring>
        <name>if</name>
        <briefdescription>
        </briefdescription>
        <detaileddescription>
        </detaileddescription>
        <inbodydescription>
        </inbodydescription>
        <location file="session.php" line="7" column="1" bodyfile="session.php" bodystart="7" bodyend="-1"/>
      </memberdef>
      <memberdef kind="variable" id="session_8php_1a1fa3127fc82f96b1436d871ef02be319" prot="public" static="no" mutable="no">
        <type></type>
        <definition>$db</definition>
        <argsstring></argsstring>
        <name>$db</name>
        <initializer>= new DB()</initializer>
        <briefdescription>
        </briefdescription>
        <detaileddescription>
        </detaileddescription>
        <inbodydescription>
        </inbodydescription>
        <location file="session.php" line="13" column="1" bodyfile="session.php" bodystart="13" bodyend="-1"/>
      </memberdef>
      <memberdef kind="variable" id="session_8php_1ad247acd538373cda98cd003bf0a1b734" prot="public" static="no" mutable="no">
        <type><ref refid="user_8php_1a9db1af915cde95754eef39d9d58e8f14" kindref="member">if</ref>(isset($_SESSION[&apos;user_email&apos;]) &amp;&amp; $_SESSION[&apos;user_email&apos;] !=&apos;&apos;)</type>
        <definition>if (isset( $_SESSION[ &apos;user_email&apos;]) &amp;&amp;$_SESSION[ &apos;user_email&apos;] !=&apos;&apos;) else</definition>
        <argsstring></argsstring>
        <name>else</name>
        <initializer>{
    header(&apos;Location: index.php&apos;)</initializer>
        <briefdescription>
        </briefdescription>
        <detaileddescription>
        </detaileddescription>
        <inbodydescription>
        </inbodydescription>
        <location file="session.php" line="29" column="2" bodyfile="session.php" bodystart="29" bodyend="-1"/>
      </memberdef>
      </sectiondef>
    <briefdescription>
    </briefdescription>
    <detaileddescription>
    </detaileddescription>
    <programlisting>
<codeline lineno="1"><highlight class="normal">&lt;?php</highlight></codeline>
<codeline lineno="2"><highlight class="normal"></highlight></codeline>
<codeline lineno="3" refid="session_8php_1a68fbc5a9273a24181c50a057d11603fa" refkind="member"><highlight class="normal"><ref refid="session_8php_1a68fbc5a9273a24181c50a057d11603fa" kindref="member">$fileName</ref><sp/>=<sp/>htmlspecialchars(basename($_SERVER[</highlight><highlight class="stringliteral">&apos;PHP_SELF&apos;</highlight><highlight class="normal">]));</highlight></codeline>
<codeline lineno="4" refid="session_8php_1ab2fc40d43824ea3e1ce5d86dee0d763b" refkind="member"><highlight class="normal"><ref refid="session_8php_1ab2fc40d43824ea3e1ce5d86dee0d763b" kindref="member">$name</ref><sp/>=<sp/>explode(</highlight><highlight class="stringliteral">&quot;.&quot;</highlight><highlight class="normal">,<sp/><ref refid="session_8php_1a68fbc5a9273a24181c50a057d11603fa" kindref="member">$fileName</ref>);</highlight></codeline>
<codeline lineno="5" refid="session_8php_1ada57e7bb7c152edad18fe2f166188691" refkind="member"><highlight class="normal"><ref refid="session_8php_1ada57e7bb7c152edad18fe2f166188691" kindref="member">$title</ref><sp/>=<sp/><ref refid="session_8php_1ab2fc40d43824ea3e1ce5d86dee0d763b" kindref="member">$name</ref>[0];</highlight></codeline>
<codeline lineno="6"><highlight class="normal"></highlight></codeline>
<codeline lineno="7" refid="session_8php_1ad0b3d51a911e55de6c3395c8549237d1" refkind="member"><highlight class="normal"></highlight><highlight class="keywordflow">if</highlight><highlight class="normal">(<ref refid="session_8php_1ada57e7bb7c152edad18fe2f166188691" kindref="member">$title</ref><sp/>===<sp/></highlight><highlight class="stringliteral">&quot;session&quot;</highlight><highlight class="normal">){</highlight></codeline>
<codeline lineno="8"><highlight class="normal"><sp/><sp/><sp/><sp/>echo<sp/></highlight><highlight class="stringliteral">&quot;Wrong<sp/>Location!&quot;</highlight><highlight class="normal">;</highlight></codeline>
<codeline lineno="9"><highlight class="normal"><sp/><sp/><sp/><sp/>exit();</highlight></codeline>
<codeline lineno="10"><highlight class="normal">}</highlight></codeline>
<codeline lineno="11"><highlight class="normal"></highlight></codeline>
<codeline lineno="12"><highlight class="normal">require<sp/></highlight><highlight class="stringliteral">&apos;functions/DB.php&apos;</highlight><highlight class="normal">;</highlight></codeline>
<codeline lineno="13" refid="session_8php_1a1fa3127fc82f96b1436d871ef02be319" refkind="member"><highlight class="normal"><ref refid="session_8php_1a1fa3127fc82f96b1436d871ef02be319" kindref="member">$db</ref><sp/>=<sp/></highlight><highlight class="keyword">new</highlight><highlight class="normal"><sp/>DB();</highlight></codeline>
<codeline lineno="14"><highlight class="normal"></highlight></codeline>
<codeline lineno="15"><highlight class="normal"></highlight></codeline>
<codeline lineno="16"><highlight class="normal">session_start();</highlight></codeline>
<codeline lineno="17"><highlight class="normal"></highlight><highlight class="keywordflow">if</highlight><highlight class="normal"><sp/>(isset(<ref refid="index_8php_1a5f545b9684799a00f7a14442205b98e3" kindref="member">$_SESSION</ref>[</highlight><highlight class="stringliteral">&apos;user_email&apos;</highlight><highlight class="normal">])<sp/>&amp;&amp;<sp/><ref refid="index_8php_1a5f545b9684799a00f7a14442205b98e3" kindref="member">$_SESSION</ref>[</highlight><highlight class="stringliteral">&apos;user_email&apos;</highlight><highlight class="normal">]<sp/>!=<sp/></highlight><highlight class="stringliteral">&apos;&apos;</highlight><highlight class="normal">)<sp/>{</highlight></codeline>
<codeline lineno="18"><highlight class="normal"><sp/><sp/><sp/><sp/><ref refid="user_8php_1a32027f7b9fb6904cb5d7040d7b660060" kindref="member">$email</ref><sp/>=<sp/><ref refid="index_8php_1a5f545b9684799a00f7a14442205b98e3" kindref="member">$_SESSION</ref>[</highlight><highlight class="stringliteral">&apos;user_email&apos;</highlight><highlight class="normal">];</highlight></codeline>
<codeline lineno="19"><highlight class="normal"><sp/><sp/><sp/><sp/><ref refid="user_8php_1a49a8a4009b02e49717caa88b128affc5" kindref="member">$res</ref><sp/>=<sp/><ref refid="session_8php_1a1fa3127fc82f96b1436d871ef02be319" kindref="member">$db</ref>-&gt;getUserDetails(<ref refid="user_8php_1a32027f7b9fb6904cb5d7040d7b660060" kindref="member">$email</ref>);</highlight></codeline>
<codeline lineno="20"><highlight class="normal"><sp/><sp/><sp/><sp/></highlight></codeline>
<codeline lineno="21"><highlight class="normal"><sp/><sp/><sp/><sp/></highlight><highlight class="keywordflow">if</highlight><highlight class="normal"><sp/>(<ref refid="user_8php_1a49a8a4009b02e49717caa88b128affc5" kindref="member">$res</ref>)<sp/>{</highlight></codeline>
<codeline lineno="22"><highlight class="normal"><sp/><sp/><sp/><sp/><sp/><sp/><sp/><sp/>$numOfRows<sp/>=<sp/>mysqli_num_rows(<ref refid="user_8php_1a49a8a4009b02e49717caa88b128affc5" kindref="member">$res</ref>);</highlight></codeline>
<codeline lineno="23"><highlight class="normal"><sp/><sp/><sp/><sp/><sp/><sp/><sp/><sp/></highlight><highlight class="keywordflow">if</highlight><highlight class="normal"><sp/>($numOfRows<sp/>==<sp/>0)<sp/>{</highlight></codeline>
<codeline lineno="24"><highlight class="normal"><sp/><sp/><sp/><sp/><sp/><sp/><sp/><sp/><sp/><sp/><sp/><sp/>header(</highlight><highlight class="stringliteral">&apos;Location:<sp/>index.php&apos;</highlight><highlight class="normal">);</highlight></codeline>
<codeline lineno="25"><highlight class="normal"><sp/><sp/><sp/><sp/><sp/><sp/><sp/><sp/>}</highlight></codeline>
<codeline lineno="26"><highlight class="normal"><sp/><sp/><sp/><sp/>}<sp/></highlight><highlight class="keywordflow">else</highlight><highlight class="normal"><sp/>{</highlight></codeline>
<codeline lineno="27"><highlight class="normal"><sp/><sp/><sp/><sp/><sp/><sp/><sp/><sp/>header(</highlight><highlight class="stringliteral">&apos;Location:<sp/>index.php&apos;</highlight><highlight class="normal">);</highlight></codeline>
<codeline lineno="28"><highlight class="normal"><sp/><sp/><sp/><sp/>}</highlight></codeline>
<codeline lineno="29" refid="session_8php_1ad247acd538373cda98cd003bf0a1b734" refkind="member"><highlight class="normal">}<sp/></highlight><highlight class="keywordflow">else</highlight><highlight class="normal"><sp/>{</highlight></codeline>
<codeline lineno="30"><highlight class="normal"><sp/><sp/><sp/><sp/>header(</highlight><highlight class="stringliteral">&apos;Location:<sp/>index.php&apos;</highlight><highlight class="normal">);</highlight></codeline>
<codeline lineno="31"><highlight class="normal">}</highlight></codeline>
<codeline lineno="32"><highlight class="normal">?&gt;</highlight></codeline>
    </programlisting>
    <location file="session.php"/>
  </compounddef>
</doxygen>
