<?xml version='1.0' encoding='UTF-8' standalone='no'?>
<doxygen xmlns:xsi="http://www.w3.org/2001/XMLSchema-instance" xsi:noNamespaceSchemaLocation="compound.xsd" version="1.8.16">
  <compounddef id="user_8php" kind="file" language="PHP">
    <compoundname>user.php</compoundname>
      <sectiondef kind="var">
      <memberdef kind="variable" id="user_8php_1a5aeca86e823982be553f413b95e3b68f" prot="public" static="no" mutable="no">
        <type></type>
        <definition>$updateFlag</definition>
        <argsstring></argsstring>
        <name>$updateFlag</name>
        <initializer>= 0</initializer>
        <briefdescription>
        </briefdescription>
        <detaileddescription>
        </detaileddescription>
        <inbodydescription>
        </inbodydescription>
        <location file="user.php" line="5" column="1" bodyfile="user.php" bodystart="5" bodyend="-1"/>
      </memberdef>
      <memberdef kind="variable" id="user_8php_1a32027f7b9fb6904cb5d7040d7b660060" prot="public" static="no" mutable="no">
        <type><ref refid="user_8php_1a9db1af915cde95754eef39d9d58e8f14" kindref="member">if</ref>(isset($_POST[&apos;update_profile&apos;]))</type>
        <definition>if (isset( $_POST[ &apos;update_profile&apos;])) $email</definition>
        <argsstring></argsstring>
        <name>$email</name>
        <initializer>= $_SESSION[&apos;user_email&apos;]</initializer>
        <briefdescription>
        </briefdescription>
        <detaileddescription>
        </detaileddescription>
        <inbodydescription>
        </inbodydescription>
        <location file="user.php" line="28" column="1" bodyfile="user.php" bodystart="28" bodyend="-1"/>
      </memberdef>
      <memberdef kind="variable" id="user_8php_1a49a8a4009b02e49717caa88b128affc5" prot="public" static="no" mutable="no">
        <type></type>
        <definition>$res</definition>
        <argsstring></argsstring>
        <name>$res</name>
        <initializer>= $db-&gt;getUserDetails($email)</initializer>
        <briefdescription>
        </briefdescription>
        <detaileddescription>
        </detaileddescription>
        <inbodydescription>
        </inbodydescription>
        <location file="user.php" line="29" column="1" bodyfile="user.php" bodystart="29" bodyend="-1"/>
      </memberdef>
      <memberdef kind="variable" id="user_8php_1a9db1af915cde95754eef39d9d58e8f14" prot="public" static="no" mutable="no">
        <type></type>
        <definition>if($res)</definition>
        <argsstring>( $res)</argsstring>
        <name>if</name>
        <briefdescription>
        </briefdescription>
        <detaileddescription>
        </detaileddescription>
        <inbodydescription>
        </inbodydescription>
        <location file="user.php" line="30" column="1" bodyfile="user.php" bodystart="30" bodyend="-1"/>
      </memberdef>
      </sectiondef>
    <briefdescription>
    </briefdescription>
    <detaileddescription>
    </detaileddescription>
    <programlisting>
<codeline lineno="1"><highlight class="normal">&lt;?php</highlight></codeline>
<codeline lineno="2"><highlight class="normal"></highlight></codeline>
<codeline lineno="3"><highlight class="normal">include<sp/></highlight><highlight class="stringliteral">&apos;session.php&apos;</highlight><highlight class="normal">;</highlight></codeline>
<codeline lineno="4"><highlight class="normal"></highlight></codeline>
<codeline lineno="5" refid="user_8php_1a5aeca86e823982be553f413b95e3b68f" refkind="member"><highlight class="normal"><ref refid="user_8php_1a5aeca86e823982be553f413b95e3b68f" kindref="member">$updateFlag</ref><sp/>=<sp/>0;</highlight></codeline>
<codeline lineno="6"><highlight class="normal"></highlight><highlight class="keywordflow">if</highlight><highlight class="normal">(isset($_POST[</highlight><highlight class="stringliteral">&apos;update_profile&apos;</highlight><highlight class="normal">])){</highlight></codeline>
<codeline lineno="7"><highlight class="normal"><sp/><sp/><sp/><sp/>$update_user[</highlight><highlight class="stringliteral">&apos;fname&apos;</highlight><highlight class="normal">]<sp/>=<sp/>htmlspecialchars($_POST[</highlight><highlight class="stringliteral">&apos;fname&apos;</highlight><highlight class="normal">]);</highlight></codeline>
<codeline lineno="8"><highlight class="normal"><sp/><sp/><sp/><sp/>$update_user[</highlight><highlight class="stringliteral">&apos;lname&apos;</highlight><highlight class="normal">]<sp/>=<sp/>htmlspecialchars($_POST[</highlight><highlight class="stringliteral">&apos;lname&apos;</highlight><highlight class="normal">]);</highlight></codeline>
<codeline lineno="9"><highlight class="normal"><sp/><sp/><sp/><sp/>$update_user[</highlight><highlight class="stringliteral">&apos;email&apos;</highlight><highlight class="normal">]<sp/>=<sp/><ref refid="user_8php_1a32027f7b9fb6904cb5d7040d7b660060" kindref="member">$email</ref>;</highlight></codeline>
<codeline lineno="10"><highlight class="normal"><sp/><sp/><sp/><sp/>$update_user[</highlight><highlight class="stringliteral">&apos;numbers&apos;</highlight><highlight class="normal">]<sp/>=<sp/>htmlspecialchars($_POST[</highlight><highlight class="stringliteral">&apos;numbers&apos;</highlight><highlight class="normal">]);</highlight></codeline>
<codeline lineno="11"><highlight class="normal"><sp/><sp/><sp/><sp/>$update_user[</highlight><highlight class="stringliteral">&apos;blood_group&apos;</highlight><highlight class="normal">]<sp/>=<sp/>htmlspecialchars($_POST[</highlight><highlight class="stringliteral">&apos;blood_group&apos;</highlight><highlight class="normal">]);</highlight></codeline>
<codeline lineno="12"><highlight class="normal"><sp/><sp/><sp/><sp/>$update_user[</highlight><highlight class="stringliteral">&apos;donate_date&apos;</highlight><highlight class="normal">]<sp/>=<sp/>htmlspecialchars($_POST[</highlight><highlight class="stringliteral">&apos;donate_date&apos;</highlight><highlight class="normal">]);</highlight></codeline>
<codeline lineno="13"><highlight class="normal"><sp/><sp/><sp/><sp/>$update_user[</highlight><highlight class="stringliteral">&apos;house&apos;</highlight><highlight class="normal">]<sp/>=<sp/>htmlspecialchars($_POST[</highlight><highlight class="stringliteral">&apos;house&apos;</highlight><highlight class="normal">]);</highlight></codeline>
<codeline lineno="14"><highlight class="normal"><sp/><sp/><sp/><sp/>$update_user[</highlight><highlight class="stringliteral">&apos;road&apos;</highlight><highlight class="normal">]<sp/>=<sp/>htmlspecialchars($_POST[</highlight><highlight class="stringliteral">&apos;road&apos;</highlight><highlight class="normal">]);</highlight></codeline>
<codeline lineno="15"><highlight class="normal"><sp/><sp/><sp/><sp/>$update_user[</highlight><highlight class="stringliteral">&apos;area&apos;</highlight><highlight class="normal">]<sp/>=<sp/>htmlspecialchars($_POST[</highlight><highlight class="stringliteral">&apos;area&apos;</highlight><highlight class="normal">]);</highlight></codeline>
<codeline lineno="16"><highlight class="normal"><sp/><sp/><sp/><sp/>$update_user[</highlight><highlight class="stringliteral">&apos;city&apos;</highlight><highlight class="normal">]<sp/>=<sp/>htmlspecialchars($_POST[</highlight><highlight class="stringliteral">&apos;city&apos;</highlight><highlight class="normal">]);</highlight></codeline>
<codeline lineno="17"><highlight class="normal"><sp/><sp/><sp/><sp/>$update_user[</highlight><highlight class="stringliteral">&apos;country&apos;</highlight><highlight class="normal">]<sp/>=<sp/>htmlspecialchars($_POST[</highlight><highlight class="stringliteral">&apos;country&apos;</highlight><highlight class="normal">]);</highlight></codeline>
<codeline lineno="18"><highlight class="normal"><sp/><sp/><sp/><sp/>$update_user[</highlight><highlight class="stringliteral">&apos;zip&apos;</highlight><highlight class="normal">]<sp/>=<sp/>htmlspecialchars($_POST[</highlight><highlight class="stringliteral">&apos;zip&apos;</highlight><highlight class="normal">]);</highlight></codeline>
<codeline lineno="19"><highlight class="normal"><sp/><sp/><sp/><sp/></highlight></codeline>
<codeline lineno="20"><highlight class="normal"><sp/><sp/><sp/><sp/><ref refid="user_8php_1a49a8a4009b02e49717caa88b128affc5" kindref="member">$res</ref><sp/>=<sp/><ref refid="index_8php_1a1fa3127fc82f96b1436d871ef02be319" kindref="member">$db</ref>-&gt;updateUserDetails($update_user);</highlight></codeline>
<codeline lineno="21"><highlight class="normal"><sp/><sp/><sp/><sp/></highlight><highlight class="keywordflow">if</highlight><highlight class="normal">(<ref refid="user_8php_1a49a8a4009b02e49717caa88b128affc5" kindref="member">$res</ref>){</highlight></codeline>
<codeline lineno="22"><highlight class="normal"><sp/><sp/><sp/><sp/><sp/><sp/><sp/><sp/><ref refid="user_8php_1a5aeca86e823982be553f413b95e3b68f" kindref="member">$updateFlag</ref><sp/>=<sp/>1;</highlight></codeline>
<codeline lineno="23"><highlight class="normal"><sp/><sp/><sp/><sp/>}<sp/></highlight><highlight class="keywordflow">else</highlight><highlight class="normal">{</highlight></codeline>
<codeline lineno="24"><highlight class="normal"><sp/><sp/><sp/><sp/><sp/><sp/><sp/><sp/><ref refid="user_8php_1a5aeca86e823982be553f413b95e3b68f" kindref="member">$updateFlag</ref><sp/>=<sp/>2;</highlight></codeline>
<codeline lineno="25"><highlight class="normal"><sp/><sp/><sp/><sp/>}</highlight></codeline>
<codeline lineno="26"><highlight class="normal">}</highlight></codeline>
<codeline lineno="27"><highlight class="normal"></highlight></codeline>
<codeline lineno="28" refid="user_8php_1a32027f7b9fb6904cb5d7040d7b660060" refkind="member"><highlight class="normal"><ref refid="user_8php_1a32027f7b9fb6904cb5d7040d7b660060" kindref="member">$email</ref><sp/>=<sp/><ref refid="index_8php_1a5f545b9684799a00f7a14442205b98e3" kindref="member">$_SESSION</ref>[</highlight><highlight class="stringliteral">&apos;user_email&apos;</highlight><highlight class="normal">];</highlight></codeline>
<codeline lineno="29" refid="user_8php_1a49a8a4009b02e49717caa88b128affc5" refkind="member"><highlight class="normal"><ref refid="user_8php_1a49a8a4009b02e49717caa88b128affc5" kindref="member">$res</ref><sp/>=<sp/><ref refid="index_8php_1a1fa3127fc82f96b1436d871ef02be319" kindref="member">$db</ref>-&gt;getUserDetails(<ref refid="user_8php_1a32027f7b9fb6904cb5d7040d7b660060" kindref="member">$email</ref>);</highlight></codeline>
<codeline lineno="30" refid="user_8php_1a9db1af915cde95754eef39d9d58e8f14" refkind="member"><highlight class="normal"></highlight><highlight class="keywordflow">if</highlight><highlight class="normal">(<ref refid="user_8php_1a49a8a4009b02e49717caa88b128affc5" kindref="member">$res</ref>){</highlight></codeline>
<codeline lineno="31"><highlight class="normal"><sp/><sp/><sp/><sp/>$user_details<sp/>=<sp/>mysqli_fetch_assoc(<ref refid="user_8php_1a49a8a4009b02e49717caa88b128affc5" kindref="member">$res</ref>);</highlight></codeline>
<codeline lineno="32"><highlight class="normal">}</highlight></codeline>
<codeline lineno="33"><highlight class="normal"></highlight></codeline>
<codeline lineno="34"><highlight class="normal">include<sp/></highlight><highlight class="stringliteral">&apos;temp/header.php&apos;</highlight><highlight class="normal">;</highlight></codeline>
<codeline lineno="35"><highlight class="normal">include<sp/></highlight><highlight class="stringliteral">&apos;temp/inc_user.php&apos;</highlight><highlight class="normal">;</highlight></codeline>
<codeline lineno="36"><highlight class="normal">include<sp/></highlight><highlight class="stringliteral">&apos;temp/footer.php&apos;</highlight><highlight class="normal">;</highlight></codeline>
<codeline lineno="37"><highlight class="normal">?&gt;</highlight></codeline>
    </programlisting>
    <location file="user.php"/>
  </compounddef>
</doxygen>
